pid,seq_no,trial_id,seq,uid,block,pos,multi,realized,win,earn,side,stake,screen_ms,btn_order
4bwhtil0,1,5,HHHOHH,6df90160-e0cd-4717-9f77-848acd24d707,1,1,2.5,H,0,90,O,10,16754,OH
98r4dh1u,1,13,HHOOHH,2d64b9af-d73c-4425-8be9-ce96b810ac7b,1,1,2.5,O,1,135,O,14,13352,OH
gih6nd5f,1,64,OOOOOO,397a9e1b-6f91-479c-b5e1-3fe00e6fc885,1,1,1.9,H,1,105.4,H,6,11254,OH
iiw1neqh,1,63,OOOOOH,65d22eba-cf92-44df-bbac-5464f10136e7,1,1,1.9,O,1,105.7,O,3,27119,HO
kuln1ae8,1,46,OHOOHO,ea762db9-0521-4031-836e-86703bc478cc,1,1,2.5,H,0,90,O,10,47220,OH
l03efj31,1,50,OOHHHO,f49826b0-2bf5-4568-84ea-80b6652535a8,1,1,2.5,O,0,74,H,26,10892,HO
l7mooatv,1,39,OHHOOH,720a6ee7-e7e3-4434-9f85-eaa82fd39cfd,1,1,2.5,H,1,115,H,10,22795,OH
oyd53vb3,1,14,HHOOHO,e253101b-2ba3-45b1-bea2-4151705b8894,1,1,2.5,H,1,122.5,H,9,10583,OH
s3l5cnfu,1,27,HOOHOH,c011cc8c-6f70-42ed-947f-9af8c778352f,1,1,1.9,O,1,105.7,O,3,11815,OH
y2byltnd,1,35,OHHHOH,dc3346d9-3232-47e8-9f48-9b03ec745acf,1,1,2.5,H,0,100,NB,0,10145,OH
4bwhtil0,2,28,HOOHOO,8dd93840-327c-402c-a264-36037005d1d4,1,2,2.5,O,1,124,O,16,9960,HO
98r4dh1u,2,11,HHOHOH,6ebe3378-a741-4331-8075-5966ae701744,1,2,2.5,H,1,125,H,10,18170,HO
gih6nd5f,2,62,OOOOHO,6f99b454-81cc-455e-a6de-7be49bc52e7c,1,2,1.9,H,0,88,O,12,12156,HO
iiw1neqh,2,44,OHOHOO,4fec93cf-73a4-4b2f-9b51-176cf4c9f3b4,1,2,1.9,O,1,138,O,20,19205,HO
kuln1ae8,2,39,OHHOOH,8dfa03c8-fe14-44a3-8c3f-0c424b052f9d,1,2,2.5,H,0,50,O,50,22935,OH
l03efj31,2,43,OHOHOH,af50829d-318d-4f33-a72d-acc7aea02d2c,1,2,2.5,O,0,60,H,40,13502,OH
l7mooatv,2,15,HHOOOH,f3467f02-5985-498b-998e-889b9aa3c231,1,2,2.5,O,0,85,H,15,8445,OH
oyd53vb3,2,58,OOOHHO,4794c56d-055a-4c13-952c-fb275e994f38,1,2,2.5,O,1,135,O,14,8458,HO
s3l5cnfu,2,45,OHOOHH,fd551da1-0948-4227-854e-578ba7f1c344,1,2,1.9,H,1,109.5,H,5,26488,OH
y2byltnd,2,14,HHOOHO,02deb954-aaef-4e83-9f84-c6700131ff3c,1,2,2.5,O,1,115,O,10,10890,OH
4bwhtil0,3,6,HHHOHO,8c9bc3d5-0029-4e8c-8c2e-033dff1dc5e6,1,3,2.5,H,0,88,O,12,20617,HO
98r4dh1u,3,63,OOOOOH,d3336b1f-585f-4d5a-9961-c26179799ff4,1,3,2.5,H,0,84,O,16,17366,OH
gih6nd5f,3,26,HOOHHO,89053615-0ba5-42ce-a8cb-5316bb97002b,1,3,1.9,O,1,123.4,O,26,19298,OH
iiw1neqh,3,26,HOOHHO,096d68bc-8639-4dcd-a108-7fc0a51215ac,1,3,1.9,O,0,100,NB,0,42921,OH
kuln1ae8,3,25,HOOHHH,253f1f72-0bf7-4f22-a10a-1185f10b2378,1,3,2.5,H,0,40,O,60,13320,OH
l03efj31,3,34,OHHHHO,1016f193-24cf-47a7-bbca-7f991aff51ab,1,3,2.5,H,1,175,H,30,17464,HO
l7mooatv,3,49,OOHHHH,45dd8199-03bf-4e2c-acc4-9c79d2ce6b31,1,3,2.5,O,1,130,O,20,16748,HO
oyd53vb3,3,6,HHHOHO,751c6a55-2695-49b3-bcaa-26a8947a951c,1,3,2.5,O,1,112.5,O,5,14921,HO
s3l5cnfu,3,51,OOHHOH,acd06260-4329-48dd-9ae2-1b1515c1467c,1,3,1.9,H,1,122.8,H,12,28821,HO
y2byltnd,3,59,OOOHOH,df5542c4-cb76-4f7a-9f37-221d90091e5e,1,3,2.5,O,1,115,O,10,14397,OH
4bwhtil0,4,64,OOOOOO,edc4a178-53d3-48d1-9fa5-88bdde6af067,1,4,2.5,H,1,122.5,H,15,12002,HO
98r4dh1u,4,49,OOHHHH,3c4b598a-9d7b-4926-81e5-97e0db7fa243,1,4,2.5,H,0,79,O,21,14927,HO
gih6nd5f,4,20,HOHHOO,137d5e0a-119b-41ae-a7be-3198f96983a1,1,4,1.9,O,0,54,H,46,8565,OH
iiw1neqh,4,43,OHOHOH,f56bd604-b747-4b6d-9a4e-83af2a02d3cb,1,4,1.9,O,0,100,NB,0,18111,HO
kuln1ae8,4,50,OOHHHO,87662d7c-ab53-4a20-a343-e2254e0f3208,1,4,2.5,O,0,25,H,75,11491,OH
l03efj31,4,21,HOHOHH,e243fabb-721c-4391-9e48-f6e0d684442d,1,4,2.5,H,0,70,O,30,8315,OH
l7mooatv,4,41,OHOHHH,d3542b80-916f-4a46-a4e3-b6aee197eec4,1,4,2.5,O,1,107.5,O,5,13771,OH
oyd53vb3,4,31,HOOOOH,6a35e823-d1a4-46e0-93b9-670e9e8a9b78,1,4,2.5,H,1,137.5,H,15,8489,OH
s3l5cnfu,4,46,OHOOHO,5fda81e0-52d4-4c81-bb9c-2c52febeace5,1,4,1.9,O,0,90,H,10,18251,OH
y2byltnd,4,17,HOHHHH,48081840-505e-43c0-a3e5-3ebc0ffd04bf,1,4,2.5,H,1,115,H,10,9465,OH
4bwhtil0,5,34,OHHHHO,b57fd1fe-eca2-4161-9089-6bece0a77d80,1,5,2.5,O,1,122.5,O,15,10871,OH
98r4dh1u,5,30,HOOOHO,9807d65d-7281-49a6-a312-9afd39dae9b4,1,5,2.5,O,1,150,O,20,14865,OH
gih6nd5f,5,19,HOHHOH,362e657b-bc90-4763-a0fc-8cb6d27b67d7,1,5,1.9,H,0,54,O,46,5543,OH
iiw1neqh,5,17,HOHHHH,4c3aefa3-d484-450e-817b-373501b3d32a,1,5,1.9,O,0,0,H,100,7945,OH
kuln1ae8,5,38,OHHOHO,d39a4137-f3fe-47d3-87c8-4ed814292674,1,5,2.5,H,0,85,O,15,15810,OH
l03efj31,5,26,HOOHHO,ed5e5256-f7ef-454d-95bf-1575811171bd,1,5,2.5,H,1,150,H,20,10803,OH
l7mooatv,5,4,HHHHOO,b16a7421-8235-44a0-b583-4689d4dfac2c,1,5,2.5,H,1,107.5,H,5,8063,HO
oyd53vb3,5,55,OOHOOH,ae77307f-39dc-4490-91a9-9e911c2d6dc8,1,5,2.5,H,0,100,NB,0,11160,HO
s3l5cnfu,5,57,OOOHHH,fdbd1e2b-3463-4a93-9a7e-34b6a72f4396,1,5,1.9,O,1,126.6,O,14,10262,HO
y2byltnd,5,46,OHOOHO,c79be721-0519-45e3-a04a-08acc59f6092,1,5,2.5,H,0,100,NB,0,2859,OH
4bwhtil0,6,56,OOHOOO,0a75b831-c466-4363-8203-418c26dd770c,1,6,2.5,O,0,85,H,15,7456,HO
98r4dh1u,6,43,OHOHOH,ccc5036b-48d9-41cf-a0be-626589ade7d2,1,6,2.5,H,0,43,O,57,8881,OH
gih6nd5f,6,28,HOOHOO,566d0f03-d757-4338-842b-ccc556751615,1,6,1.9,H,0,56,O,44,7080,HO
iiw1neqh,6,54,OOHOHO,6df28cf2-ca59-47c0-8f2a-8c4d083be9fa,1,6,1.9,H,0,100,NB,0,6263,OH
kuln1ae8,6,54,OOHOHO,296e3c9a-b3ae-4435-b772-10fc4be553ec,1,6,2.5,O,0,70,H,30,18099,HO
l03efj31,6,8,HHHOOO,6e719e0f-6cca-4510-8e7f-6fc04679ae8d,1,6,2.5,O,0,65,H,35,8406,OH
l7mooatv,6,27,HOOHOH,4cb8e6da-7235-4f7c-8aff-65eecef2393e,1,6,2.5,O,1,107.5,O,5,6540,HO
oyd53vb3,6,9,HHOHHH,f0fa4ba3-2c84-48a0-bac2-0c2df3b6715d,1,6,2.5,H,0,57,O,43,7224,HO
s3l5cnfu,6,7,HHHOOH,3b062f99-24c9-44bb-a821-b16c03682d9c,1,6,1.9,O,0,85,H,15,15196,OH
y2byltnd,6,56,OOHOOO,f0638a5f-cfd1-4bda-81e3-eb85edb188f5,1,6,2.5,H,1,122.5,H,15,8209,OH
4bwhtil0,7,15,HHOOOH,4fcaf212-917c-429c-91d3-3fbf93b72ee3,1,7,2.5,H,0,100,NB,0,5054,OH
98r4dh1u,7,33,OHHHHH,e09a1cb7-f13f-4656-935b-ab0d9ffcceb1,1,7,2.5,H,1,205,H,42,6390,OH
gih6nd5f,7,14,HHOOHO,a9f56002-62e2-43b6-9ed4-4e61440c279f,1,7,1.9,O,0,57,H,43,7082,HO
iiw1neqh,7,52,OOHHOO,bd0042b3-307e-43ae-bc3f-70a19d74b661,1,7,1.9,H,0,0,O,100,10651,HO
kuln1ae8,7,21,HOHOHH,62cf5c57-0761-4920-9c6d-3c1e30682aca,1,7,2.5,H,1,225,H,50,12200,OH
l03efj31,7,15,HHOOOH,9cfe66e5-38bf-49a8-9a99-ce46a295d1e1,1,7,2.5,O,1,250,O,60,6869,HO
l7mooatv,7,31,HOOOOH,99537f5a-dd71-4c8c-be58-59e4451d537f,1,7,2.5,H,0,100,NB,0,3432,OH
oyd53vb3,7,3,HHHHOH,50555ea3-f4b8-4bd7-af74-8386adfe4f9f,1,7,2.5,O,0,80,H,20,4391,HO
s3l5cnfu,7,26,HOOHHO,f3b232e1-7d5f-4ad6-9ffc-644cdf0092e9,1,7,1.9,O,0,74,H,26,9562,HO
y2byltnd,7,64,OOOOOO,1971b849-dde4-412e-96c8-35150f0c52ff,1,7,2.5,O,0,95,H,5,4801,HO
4bwhtil0,8,18,HOHHHO,c1f5d359-13fa-44f1-a377-7265675a76a6,1,8,2.5,H,1,125.5,H,17,4692,HO
98r4dh1u,8,28,HOOHOO,0025577e-308e-4add-905c-27e4fab91781,1,8,2.5,H,1,145,H,18,11612,OH
gih6nd5f,8,6,HHHOHO,d8b13a95-45eb-4d99-a57e-08cda1a72d73,1,8,1.9,H,1,139.6,H,44,7907,OH
iiw1neqh,8,24,HOHOOO,0297ab12-68b0-470b-9416-847a5047d1ee,1,8,1.9,H,0,50,O,50,6308,OH
kuln1ae8,8,47,OHOOOH,b6b92a82-390e-4b11-8666-6b3c46fb5680,1,8,2.5,O,0,35,H,65,9853,OH
l03efj31,8,9,HHOHHH,184066d9-2e5d-451c-bc8a-96593add035e,1,8,2.5,H,0,60,O,40,51289,OH
l7mooatv,8,55,OOHOOH,da494b34-91a1-4ee9-a49d-5a5dabce767f,1,8,2.5,H,0,100,NB,0,2015,HO
oyd53vb3,8,60,OOOHOO,73a9db20-d597-4167-a1ab-debac666243b,1,8,2.5,H,0,79,O,21,13721,HO
s3l5cnfu,8,13,HHOOHH,4432ef28-9e9f-4123-8169-6b95182a0c46,1,8,1.9,O,0,82,H,18,4114,OH
y2byltnd,8,27,HOOHOH,6b6725d1-9ad4-4b4b-a9eb-6a42f4eba18a,1,8,2.5,O,0,95,H,5,12437,HO
4bwhtil0,9,14,HHOOHO,64bed22a-aaf2-4955-a4c7-9c31ad1c4fa2,1,9,2.5,H,0,88,O,12,7775,HO
98r4dh1u,9,61,OOOOHH,c439b754-04cd-44eb-9ca1-ff296f239c19,1,9,2.5,O,0,72,H,28,5582,HO
gih6nd5f,9,29,HOOOHH,04556b03-bca7-4b69-83e7-927429ca90de,1,9,1.9,H,0,49,O,51,14947,OH
iiw1neqh,9,31,HOOOOH,71eb703b-3359-4904-9496-dfb39f3fe5f9,1,9,1.9,O,1,214,O,60,6777,OH
kuln1ae8,9,57,OOOHHH,c805e110-eafa-458a-85d4-6217a7f95523,1,9,2.5,O,0,35,H,65,12480,OH
l03efj31,9,24,HOHOOO,12d5f8d2-b0cc-441a-a5c2-f767fe9f2e83,1,9,2.5,H,0,100,NB,0,6610,OH
l7mooatv,9,14,HHOOHO,0076e86a-c4e3-4209-8145-5c61a2e04464,1,9,2.5,H,0,100,NB,0,1419,HO
oyd53vb3,9,35,OHHHOH,7f9fcc3f-6d45-40fc-ac50-905c8789ea14,1,9,2.5,H,0,18,O,82,16807,HO
s3l5cnfu,9,48,OHOOOO,bc99bd73-ad67-47bd-9d60-fa4e09782b2a,1,9,1.9,H,0,62,O,38,3872,OH
y2byltnd,9,60,OOOHOO,4d170180-1075-47bc-b9d1-a545402b25fc,1,9,2.5,H,0,100,NB,0,16731,HO
4bwhtil0,10,58,OOOHHO,c0e9b099-2216-4b39-afff-ac81488c7f9e,1,10,2.5,O,1,125.5,O,17,11998,HO
98r4dh1u,10,19,HOHHOH,e7be6bb0-558c-401d-9e4d-d2827cd0c83c,1,10,2.5,H,0,62,O,38,10821,HO
gih6nd5f,10,13,HHOOHH,99e8416f-dd28-4c7d-a983-5f51420c8213,1,10,1.9,H,0,44,O,56,6216,OH
iiw1neqh,10,7,HHHOOH,cd388693-50aa-47a0-8acd-d416aea477d6,1,10,1.9,O,0,0,H,100,9619,HO
kuln1ae8,10,2,HHHHHO,d04aa672-60e6-4f66-affb-b519c47adbb3,1,10,2.5,O,0,70,H,30,11364,OH
l03efj31,10,14,HHOOHO,fecfd743-c33f-482b-bf59-afdd959910cf,1,10,2.5,O,0,55,H,45,31362,HO
l7mooatv,10,61,OOOOHH,369d94c2-fde7-48b8-838f-2c1b7b0b2cc1,1,10,2.5,O,1,115,O,10,12740,HO
oyd53vb3,10,42,OHOHHO,69a7333e-1d11-44ab-8cb2-49f22e3aa355,1,10,2.5,O,0,100,NB,0,5791,HO
s3l5cnfu,10,44,OHOHOO,88f7a54d-5981-44e5-844d-dc6b3cad3c8e,1,10,1.9,O,0,91,H,9,8903,HO
y2byltnd,10,52,OOHHOO,440364ab-2ef6-4327-9248-015a64effd2d,1,10,2.5,O,0,95,H,5,12653,HO
4bwhtil0,11,46,OHOOHO,459f550e-4814-4b9d-9d8f-c0290f01f4aa,1,11,2.5,H,0,81,O,19,11852,HO
98r4dh1u,11,40,OHHOOO,c2ff52f7-2433-4292-979a-5999ee9c7595,1,11,2.5,H,1,187.5,H,35,10576,OH
gih6nd5f,11,33,OHHHHH,ef37c44e-3abd-4522-b970-9c70e23c7f4b,1,11,1.9,O,0,58,H,42,7737,OH
iiw1neqh,11,10,HHOHHO,cdedd60d-eab0-4550-97be-7c7e1ce92532,1,11,1.9,O,0,30,H,70,7159,OH
kuln1ae8,11,49,OOHHHH,56f72e81-6294-41e4-a173-e3617c058f51,1,11,2.5,O,1,162.5,O,25,13254,OH
l03efj31,11,2,HHHHHO,7764f399-6600-4474-8a03-179af48333b6,1,11,2.5,H,0,100,NB,0,4927,OH
l7mooatv,11,47,OHOOOH,02acd2a5-a0a9-4f45-922e-3f3e68b882b3,1,11,2.5,H,0,95,O,5,6850,OH
oyd53vb3,11,40,OHHOOO,46d162fb-26f7-4902-b590-232fca016458,1,11,2.5,H,1,225,H,50,6157,HO
s3l5cnfu,11,54,OOHOHO,71905d83-4243-4601-96ef-009768275560,1,11,1.9,H,0,81,O,19,12358,OH
y2byltnd,11,23,HOHOOH,dfbc23a9-81f6-4089-8a46-86941825c40b,1,11,2.5,O,1,103,O,2,10809,HO
4bwhtil0,12,10,HHOHHO,472df6f0-edfe-4445-8982-f024d748b81a,1,12,2.5,O,1,125.5,O,17,8502,OH
98r4dh1u,12,37,OHHOHH,b218ea11-e354-467b-95b5-1529ad50ce56,1,12,2.5,O,1,192.5,O,37,8997,HO
gih6nd5f,12,59,OOOHOH,0c493d2c-6a6a-4a68-8de8-ef87d01c4ee3,1,12,1.9,H,1,153.1,H,59,7569,HO
iiw1neqh,12,14,HHOOHO,9fd2e1e9-02ea-4915-83e3-4fd344682419,1,12,1.9,O,0,100,NB,0,3954,OH
kuln1ae8,12,55,OOHOOH,a84a191c-51e0-45f6-adb7-9d5e3a912afc,1,12,2.5,H,1,212.5,H,45,14707,OH
l03efj31,12,57,OOOHHH,13913975-bd6f-42f9-98d9-a98b310aff6f,1,12,2.5,H,1,250,H,60,8578,OH
l7mooatv,12,34,OHHHHO,02a13946-4990-4b3f-a0b6-d226b81a3c03,1,12,2.5,O,1,107.5,O,5,6467,OH
oyd53vb3,12,27,HOOHOH,f9aa9ab9-0f2e-4291-a6fc-e50f018a88ca,1,12,2.5,O,0,29,H,71,8570,HO
s3l5cnfu,12,52,OOHHOO,330053a8-e04e-4316-be16-d52b21412851,1,12,1.9,H,0,74,O,26,9690,OH
y2byltnd,12,29,HOOOHH,cf8b4fee-4806-4a7c-b587-1534af31c394,1,12,2.5,O,1,107.5,O,5,8152,HO
4bwhtil0,13,52,OOHHOO,595536f0-2b40-4108-a42b-c32dcea1dbd6,1,13,2.5,H,1,127,H,18,11445,OH
98r4dh1u,13,54,OOHOHO,55d05298-10c8-42f3-8b0e-554c919a5431,1,13,2.5,O,1,167.5,O,27,8551,OH
gih6nd5f,13,15,HHOOOH,77831e17-9ebb-41bb-87b2-503748ee0840,1,13,1.9,H,0,54,O,46,7244,HO
iiw1neqh,13,33,OHHHHH,6bdec9d9-6e2a-4d53-b6f2-e320011991e7,1,13,1.9,H,1,271,H,90,4626,HO
kuln1ae8,13,42,OHOHHO,810c0332-572c-4181-b6a6-b0fbc0fbd3b3,1,13,2.5,O,0,65,H,35,15656,HO
l03efj31,13,45,OHOOHH,aa883f69-2842-4520-b96d-0f74f2fd58eb,1,13,2.5,H,0,60,O,40,6487,OH
l7mooatv,13,19,HOHHOH,6353bd7c-4d04-4771-b69a-79a6dd4670a1,1,13,2.5,H,1,109,H,6,6799,HO
oyd53vb3,13,17,HOHHHH,d65ee467-67e4-4223-be6d-f151342ab987,1,13,2.5,O,1,205,O,42,9357,OH
s3l5cnfu,13,56,OOHOOO,f3c769ec-16ba-401c-88b4-a7088280244e,1,13,1.9,H,0,80,O,20,12585,HO
y2byltnd,13,16,HHOOOO,66808084-c317-4eea-ae76-bed944cd3be4,1,13,2.5,O,0,90,H,10,12668,HO
4bwhtil0,14,30,HOOOHO,b10793d5-9564-451b-a8d4-448ce92029c3,1,14,2.5,H,1,116.5,H,11,3896,HO
98r4dh1u,14,56,OOHOOO,db3377af-3262-41d8-b799-2c671ac8e1c5,1,14,2.5,H,0,58,O,42,8958,HO
gih6nd5f,14,2,HHHHHO,2adfa2d0-ec06-4df6-83c1-7699b1ec66e9,1,14,1.9,O,0,46,H,54,5662,HO
iiw1neqh,14,5,HHHOHH,3859e91f-b76e-4513-b778-8156ef3226d5,1,14,1.9,H,1,290,H,100,4179,HO
kuln1ae8,14,18,HOHHHO,3bbdf9a3-bbe8-43a5-ab83-f91e7540a36d,1,14,2.5,O,0,35,H,65,12504,OH
l03efj31,14,33,OHHHHH,b675c5e4-7332-4b43-92e1-4ff318d1271d,1,14,2.5,O,1,237.5,O,55,4723,HO
l7mooatv,14,62,OOOOHO,38529c22-5f6a-41e7-9809-80f10d50f6a6,1,14,2.5,O,1,104.5,O,3,7597,HO
oyd53vb3,14,11,HHOHOH,52669d8d-92b3-4e0c-94c1-172a588dabc8,1,14,2.5,O,0,67,H,33,7188,HO
s3l5cnfu,14,4,HHHHOO,e9207cb7-eda2-4282-876e-0fe96684b550,1,14,1.9,O,1,141.8,O,22,15503,OH
y2byltnd,14,63,OOOOOH,c8af0377-7e44-44b3-9c67-17917062889b,1,14,2.5,O,1,107.5,O,5,8869,HO
4bwhtil0,15,39,OHHOOH,14a991dd-3d5d-4172-b811-1b7b41f02b1e,1,15,2.5,O,1,118,O,12,6606,HO
98r4dh1u,15,16,HHOOOO,f63f368a-8a4a-49b9-a6d7-70ab9c0e3703,1,15,2.5,O,0,52,H,48,9742,OH
gih6nd5f,15,40,OHHOOO,50c83657-8e9e-462f-b1e7-413fe899f270,1,15,1.9,O,1,141.4,O,46,3920,OH
iiw1neqh,15,18,HOHHHO,0636b907-d954-4f1e-b19f-6ba157931399,1,15,1.9,H,1,290,H,100,3845,OH
kuln1ae8,15,13,HHOOHH,82def6ee-6856-4ef9-8d46-74eef0867202,1,15,2.5,O,0,50,H,50,14057,HO
l03efj31,15,28,HOOHOO,ee33ad1c-1e47-435b-b60c-2debdd91702a,1,15,2.5,O,0,50,H,50,7095,OH
l7mooatv,15,10,HHOHHO,abf0422f-0d7b-48ff-82d4-f9e7b3d3e26b,1,15,2.5,H,1,122.5,H,15,9388,OH
oyd53vb3,15,62,OOOOHO,530b0e6e-deab-452e-8d80-1474cc96ff34,1,15,2.5,O,1,267.5,O,67,17319,OH
s3l5cnfu,15,41,OHOHHH,8a3cae31-9cfb-4b6d-b610-fd12ef9c63e7,1,15,1.9,O,0,58,H,42,8508,HO
y2byltnd,15,31,HOOOOH,379767d4-64d8-426d-94dc-8fbcd1910659,1,15,2.5,H,0,92,O,8,8824,HO
4bwhtil0,16,40,OHHOOO,b7714adc-f7da-4470-a0aa-64f874231dfb,1,16,2.5,H,0,83,O,17,5916,OH
98r4dh1u,16,25,HOOHHH,dd3ddab8-f120-49a2-9747-214fcd659d4f,1,16,2.5,H,0,74,O,26,7618,HO
gih6nd5f,16,49,OOHHHH,ee6b90b4-8f23-4de0-b71c-ddbce6d603cc,1,16,1.9,H,1,145.9,H,51,5582,HO
iiw1neqh,16,39,OHHOOH,1d41b607-2fdd-498c-b00a-1f4a0033c478,1,16,1.9,O,0,100,NB,0,3928,OH
kuln1ae8,16,10,HHOHHO,9761d200-99fa-493b-b8e5-2d15c442300f,1,16,2.5,H,1,187.5,H,35,12239,HO
l03efj31,16,35,OHHHOH,15618353-19a5-4589-bf9a-270eaf917361,1,16,2.5,H,1,187.5,H,35,10511,HO
l7mooatv,16,63,OOOOOH,59c8ded0-84f4-4f7f-9ca5-ae3a101e8e97,1,16,2.5,O,0,90,H,10,11576,HO
oyd53vb3,16,52,OOHHOO,c23884b9-e205-4741-aa76-6e677d92407f,1,16,2.5,H,0,100,NB,0,3240,HO
s3l5cnfu,16,34,OHHHHO,49cb5f49-0332-4d3b-98b6-8e64f0089c6a,1,16,1.9,O,0,89,H,11,9209,HO
y2byltnd,16,18,HOHHHO,afc0a3fd-52f5-4526-8bab-ad45f2e811c2,1,16,2.5,H,0,100,NB,0,5608,HO
4bwhtil0,17,11,HHOHOH,7dd2a948-5834-4199-ab93-fd61c7f5e53b,2,1,2.5,O,1,115,O,10,9892,HO
98r4dh1u,17,15,HHOOOH,ebc208ec-4911-4149-98e4-35ee8b1abf7d,2,1,2.5,O,0,73,H,27,7194,HO
gih6nd5f,17,32,HOOOOO,6653856f-defe-4f99-b0a4-81a1a01bfec2,2,1,1.9,O,0,54,H,46,13117,HO
iiw1neqh,17,48,OHOOOO,3c80654d-22b4-4645-9612-3cd907950217,2,1,1.9,O,1,195,O,50,56361,OH
kuln1ae8,17,26,HOOHHO,9f560d28-a1b2-4e45-baa3-d72b52158f33,2,1,2.5,O,0,75,H,25,26714,OH
l03efj31,17,16,HHOOOO,89d9bead-986a-4c1c-9801-ec0f7cced544,2,1,2.5,H,1,202.5,H,41,6522,HO
l7mooatv,17,7,HHHOOH,18f2122f-ed24-4945-8975-ba7daf36e890,2,1,2.5,O,1,107.5,O,5,8494,HO
oyd53vb3,17,15,HHOOOH,9e6a7f8e-204f-4c53-8a69-48ed51c9d8c6,2,1,2.5,O,0,60,H,40,8078,HO
s3l5cnfu,17,11,HHOHOH,42b6838a-ae23-45bd-ad5b-8d450f88d6eb,2,1,1.9,O,0,73,H,27,2968,HO
y2byltnd,17,6,HHHOHO,ef3cf179-c19c-4f78-b794-f50a308ca71f,2,1,2.5,H,0,97,O,3,8604,OH
4bwhtil0,18,47,OHOOOH,9346564f-acb9-4721-af40-a5cbee7c8ec8,2,2,2.5,O,0,81,H,19,9585,OH
98r4dh1u,18,41,OHOHHH,a881deea-5f95-4031-945d-a32b44563cfc,2,2,2.5,H,0,62,O,38,6011,OH
gih6nd5f,18,44,OHOHOO,dcae9f10-7cd4-4c18-98c0-c34899a00ed4,2,2,1.9,O,1,140.5,O,45,4021,OH
iiw1neqh,18,22,HOHOHO,e2e2dba3-c8fa-49d2-857d-5e28ea860716,2,2,1.9,H,0,100,NB,0,11551,OH
kuln1ae8,18,15,HHOOOH,cc1f0914-3f3b-4ea2-8a48-283e9a6cb5ff,2,2,2.5,O,0,60,H,40,12025,OH
l03efj31,18,17,HOHHHH,5d276e02-b141-483f-9c78-fb98e499c073,2,2,2.5,O,1,225,O,50,11839,OH
l7mooatv,18,40,OHHOOO,bf9446dd-abed-4bf8-a330-a8a6cdef4154,2,2,2.5,O,0,91,H,9,5658,HO
oyd53vb3,18,10,HHOHHO,d7bf8550-dcfa-491b-8935-16b5d1bc8c2d,2,2,2.5,O,1,180,O,32,7334,HO
s3l5cnfu,18,60,OOOHOO,8503aee8-0b5c-448d-94c3-af8e794f6f33,2,2,1.9,H,0,73,O,27,3087,HO
y2byltnd,18,47,OHOOOH,ffaf0ad4-b255-4cf7-b0b0-6f372f437a45,2,2,2.5,O,0,97,H,3,7781,OH
4bwhtil0,19,17,HOHHHH,c708dda1-456e-44f5-ad4b-69a3fd0b577c,2,3,2.5,O,1,130,O,20,5399,OH
98r4dh1u,19,46,OHOOHO,8c0f34a4-949e-49bb-8fed-5ce56aeeae3e,2,3,2.5,H,0,100,NB,0,16303,HO
gih6nd5f,19,34,OHHHHO,d5beb604-be78-4cbc-94fc-4b7b65f070de,2,3,1.9,O,0,55,H,45,4815,HO
iiw1neqh,19,38,OHHOHO,cc675bee-7b4a-49c0-a11e-068bc13660ea,2,3,1.9,H,0,50,O,50,17304,OH
kuln1ae8,19,20,HOHHOO,8463d35b-63e3-43d2-aeb6-ac725904d249,2,3,2.5,O,0,70,H,30,17366,OH
l03efj31,19,20,HOHHOO,73a4f462-56cd-4dfc-ae09-605e2c5805ae,2,3,2.5,O,0,68,H,32,7694,OH
l7mooatv,19,42,OHOHHO,8b94bfd1-5f93-4d3a-ac9f-75ff480370e9,2,3,2.5,H,0,100,NB,0,1833,HO
oyd53vb3,19,50,OOHHHO,dac51445-a4d7-4fb7-9ade-039d89be91c1,2,3,2.5,O,1,275,O,70,13345,HO
s3l5cnfu,19,59,OOOHOH,4fae3a36-81a6-4b4a-b436-33ec979ea0d3,2,3,1.9,O,0,60,H,40,3920,OH
y2byltnd,19,42,OHOHHO,8215db94-6ce8-4bb6-8f7d-fe2edfe4ccdb,2,3,2.5,H,0,100,NB,0,4085,HO
4bwhtil0,20,61,OOOOHH,2a590af9-d801-4be9-8d5a-d2cbac30f167,2,4,2.5,H,0,85,O,15,4193,HO
98r4dh1u,20,59,OOOHOH,f9589606-caea-40ca-8e6b-d54c1157a7f6,2,4,2.5,O,1,155,O,22,6004,HO
gih6nd5f,20,27,HOOHOH,122616ae-2a0f-4d09-b1a8-6156ded0c7d1,2,4,1.9,H,1,146.8,H,52,4237,OH
iiw1neqh,20,30,HOOOHO,07eb67c7-ab87-4d88-b1c0-eff043e16a65,2,4,1.9,O,0,50,H,50,14290,HO
kuln1ae8,20,30,HOOOHO,cbc6a814-c93a-43bf-845d-e37b4fadd6d0,2,4,2.5,O,0,70,H,30,11940,HO
l03efj31,20,32,HOOOOO,45e2beb4-329f-427a-858c-d5c50b2ce436,2,4,2.5,O,0,60,H,40,4658,OH
l7mooatv,20,25,HOOHHH,5953e716-2692-4a5b-9225-7119216021e2,2,4,2.5,H,0,100,NB,0,1043,HO
oyd53vb3,20,32,HOOOOO,6d93c4c6-96f3-4e86-8825-84ecfc6f7262,2,4,2.5,O,0,41,H,59,15016,HO
s3l5cnfu,20,38,OHHOHO,61be501e-7550-4764-8452-5cdfa8a2ac82,2,4,1.9,O,1,149.4,O,26,2752,HO
y2byltnd,20,4,HHHHOO,fe1a0352-a42c-431e-a6ba-0819c0f2a1d9,2,4,2.5,O,0,95,H,5,5123,HO
4bwhtil0,21,43,OHOHOH,23fe408a-1ac7-4955-992b-78ab2cbbc6ca,2,5,2.5,O,0,85,H,15,5180,HO
98r4dh1u,21,4,HHHHOO,1513aeaa-cb28-445a-9d57-109293d0a151,2,5,2.5,H,1,215,H,46,9134,HO
gih6nd5f,21,8,HHHOOO,d331b2d6-1d22-478e-a25d-2a32c5c1e3ba,2,5,1.9,H,0,54,O,46,7053,OH
iiw1neqh,21,4,HHHHOO,787f666f-c542-4b9c-a214-b7e27e9fb712,2,5,1.9,O,0,0,H,100,5810,HO
kuln1ae8,21,56,OOHOOO,54d3abac-af00-43c2-86fc-f35b210e2c78,2,5,2.5,H,1,275,H,70,17056,OH
l03efj31,21,46,OHOOHO,fbae9ebb-8c5e-49cd-9966-a23de29bf162,2,5,2.5,H,1,150,H,20,6153,OH
l7mooatv,21,56,OOHOOO,cef33db6-2027-4a0f-924a-268bec37dde2,2,5,2.5,H,1,116.5,H,11,2569,HO
oyd53vb3,21,4,HHHHOO,3a438aee-d898-42d2-af02-c2bab2aa862c,2,5,2.5,O,0,41,H,59,4620,HO
s3l5cnfu,21,19,HOHHOH,f83a1606-e95b-4701-b1bf-4fff8ae8e080,2,5,1.9,H,1,149.4,H,26,2883,HO
y2byltnd,21,43,OHOHOH,bf0566ea-a1ac-4e6e-8f16-2496b37b63c2,2,5,2.5,H,0,94,O,6,7760,OH
4bwhtil0,22,2,HHHHHO,f125d854-321a-4347-86bc-fc27b4182a55,2,6,2.5,O,1,124,O,16,6109,HO
98r4dh1u,22,32,HOOOOO,04f4f7fb-5e8d-4ca0-a977-f553b17f6113,2,6,2.5,H,1,202.5,H,41,4789,OH
gih6nd5f,22,42,OHOHHO,37dbf3b1-488b-4812-b279-cefc25485311,2,6,1.9,H,1,148.6,H,54,11423,HO
iiw1neqh,22,27,HOOHOH,59ca8b28-f10b-42af-8961-0fee517ea6df,2,6,1.9,H,0,100,NB,0,5467,HO
kuln1ae8,22,37,OHHOHH,c8e76290-871d-4efa-8f13-3555ffcd4be6,2,6,2.5,H,1,237.5,H,55,14946,OH
l03efj31,22,37,OHHOHH,b035c1f2-448a-4746-b68e-3947fc8afdea,2,6,2.5,O,1,175,O,30,8088,OH
l7mooatv,22,58,OOOHHO,c1bbdd83-5f13-4969-9219-b02b44891ee3,2,6,2.5,H,1,115,H,10,2953,OH
oyd53vb3,22,39,OHHOOH,af8ebe7d-0f99-41a3-b133-965cace0e38c,2,6,2.5,O,1,212.5,O,45,31461,OH
s3l5cnfu,22,49,OOHHHH,ba13f2a4-d493-4e24-9ef5-100f439e7183,2,6,1.9,O,0,63,H,37,2450,HO
y2byltnd,22,13,HHOOHH,ac011598-e361-41a4-bdb2-a788376a919f,2,6,2.5,O,0,91,H,9,10722,OH
4bwhtil0,23,24,HOHOOO,5382afce-e415-4326-9b8d-2d91cb801c02,2,7,2.5,O,0,86,H,14,7030,OH
98r4dh1u,23,12,HHOHOO,2724ef95-6a6f-4c25-9b87-1f2d764612be,2,7,2.5,H,1,135,H,14,11770,HO
gih6nd5f,23,5,HHHOHH,6d548129-daf8-41ab-b335-5f2dc314ace2,2,7,1.9,H,1,146.8,H,52,11898,HO
iiw1neqh,23,49,OOHHHH,6bda261e-7a47-4045-8fe4-a8f579002f8d,2,7,1.9,O,1,271,O,90,7434,HO
kuln1ae8,23,60,OOOHOO,49b812a0-ee70-4777-b3d1-bf74396e1db9,2,7,2.5,H,1,275,H,70,11884,HO
l03efj31,23,30,HOOOHO,139d1a38-44af-4acb-bd57-2b6a4219e1d5,2,7,2.5,H,0,70,O,30,6460,OH
l7mooatv,23,44,OHOHOO,1796df44-0200-492b-ba1d-1afebbb23430,2,7,2.5,H,0,88,O,12,2529,OH
oyd53vb3,23,26,HOOHHO,67ddfc9b-9e72-4a5d-9a93-76295b72e211,2,7,2.5,O,1,212.5,O,45,14878,OH
s3l5cnfu,23,12,HHOHOO,760de0ed-8ac6-4180-9c97-4302fee5feee,2,7,1.9,O,1,119,O,10,3976,HO
y2byltnd,23,12,HHOHOO,14101d76-e39e-4bd0-9e47-2adf8291e8fb,2,7,2.5,O,0,100,NB,0,11644,HO
4bwhtil0,24,13,HHOOHH,6b69c5d6-462a-4c72-a12d-373c68e755b7,2,8,2.5,H,1,125.5,H,17,9717,OH
98r4dh1u,24,50,OOHHHO,95ce3382-1814-49d5-a4f9-82fdfc9aa96c,2,8,2.5,H,0,75,O,25,5611,OH
gih6nd5f,24,48,OHOOOO,475901a3-eb90-40f2-9b50-4efe145adb28,2,8,1.9,O,1,140.5,O,45,2457,OH
iiw1neqh,24,50,OOHHHO,002fe4c7-24fb-43bc-9249-75a3fb19a8d9,2,8,1.9,O,1,196.9,O,51,6571,OH
kuln1ae8,24,62,OOOOHO,759d89f1-9c25-4902-9596-ef0dd047edc4,2,8,2.5,H,1,262.5,H,65,12654,HO
l03efj31,24,63,OOOOOH,b481fb07-4236-4d6e-a096-c96f35f2eb94,2,8,2.5,H,0,50,O,50,13526,HO
l7mooatv,24,17,HOHHHH,d3bfb0fb-012e-4157-a95d-89aadd23c349,2,8,2.5,H,1,116.5,H,11,2346,HO
oyd53vb3,24,41,OHOHHH,0dfad1af-cf7d-4195-8954-159663b1bf1c,2,8,2.5,H,0,100,NB,0,8307,HO
s3l5cnfu,24,37,OHHOHH,3b389675-5386-4009-9be5-a22127ddcc54,2,8,1.9,H,1,143.7,H,23,4935,OH
y2byltnd,24,21,HOHOHH,790e0690-e623-449e-a894-c2317696d33c,2,8,2.5,O,1,110.5,O,7,9993,OH
4bwhtil0,25,53,OOHOHH,63a26ea0-4c48-4998-a867-dd3212ea2ccb,2,9,2.5,H,0,100,NB,0,4517,OH
98r4dh1u,25,39,OHHOOH,a8a33f17-071c-441b-94b5-70fd65d79492,2,9,2.5,O,0,71,H,29,6186,HO
gih6nd5f,25,25,HOOHHH,c8b0ef40-1059-4675-82d3-9934ac709c66,2,9,1.9,O,1,139.6,O,44,5253,OH
iiw1neqh,25,46,OHOOHO,ee0336a9-3881-4630-833d-4b97e9445a1e,2,9,1.9,H,0,0,O,100,10488,OH
kuln1ae8,25,5,HHHOHH,e9d7aae6-b2cc-4f17-a0e7-4273b199de2e,2,9,2.5,H,0,50,O,50,11839,OH
l03efj31,25,64,OOOOOO,3fd428ad-040c-46d8-9099-a7439047ba6a,2,9,2.5,H,0,50,O,50,9603,OH
l7mooatv,25,16,HHOOOO,ebfb19e1-631d-460f-835b-b2ca97e02b39,2,9,2.5,H,0,89,O,11,3857,OH
oyd53vb3,25,20,HOHHOO,d69df405-d76f-41fe-9392-7c0aa7f2ac1c,2,9,2.5,H,1,250,H,60,12751,HO
s3l5cnfu,25,39,OHHOOH,8fb8adae-6782-4b92-9443-067ab10ac800,2,9,1.9,H,1,153.2,H,28,3397,OH
y2byltnd,25,26,HOOHHO,8c3fc69f-0aec-4c7d-a387-125fbe8f9f62,2,9,2.5,O,0,95,H,5,8287,HO
4bwhtil0,26,59,OOOHOH,3fffa14c-fa80-4bb5-a3d4-000ed4b01ebd,2,10,2.5,O,1,125.5,O,17,5684,OH
98r4dh1u,26,7,HHHOOH,3a9b717f-14eb-4078-80fa-bcb862982e75,2,10,2.5,H,1,190,H,36,6312,HO
gih6nd5f,26,24,HOHOOO,7f208cf2-b8ce-4999-b304-8117420119bc,2,10,1.9,O,0,48,H,52,3679,HO
iiw1neqh,26,6,HHHOHO,ec2f28d3-5c9d-4e94-bcb8-5088ee2ac3e1,2,10,1.9,H,1,193.1,H,49,6635,HO
kuln1ae8,26,53,OOHOHH,9675746b-3863-47db-8752-817e1a2eec69,2,10,2.5,O,0,60,H,40,14246,OH
l03efj31,26,60,OOOHOO,c8f5c43c-c01c-4bbf-911b-7d070e008b21,2,10,2.5,O,0,70,H,30,4966,OH
l7mooatv,26,6,HHHOHO,f640c092-3813-49b5-9b5d-0297bc15ffa4,2,10,2.5,O,1,109,O,6,4208,OH
oyd53vb3,26,23,HOHOOH,0854ddba-62d9-4129-b749-06c9e6091014,2,10,2.5,O,0,33,H,67,19983,HO
s3l5cnfu,26,21,HOHOHH,db61ec28-617a-4b34-a2ec-6b0a35337f59,2,10,1.9,H,1,157,H,30,2547,OH
y2byltnd,26,51,OOHHOH,188b4a5b-d950-4a64-a7f4-0b36c7a204e8,2,10,2.5,O,0,100,NB,0,3267,HO
4bwhtil0,27,50,OOHHHO,ae18c070-ea59-4094-be1c-6cb68473fc33,2,11,2.5,O,1,121,O,14,5763,OH
98r4dh1u,27,38,OHHOHO,06d7b794-ba8e-4d74-9596-c293711cbb70,2,11,2.5,H,1,142.5,H,17,9097,OH
gih6nd5f,27,9,HHOHHH,512defaa-c9c3-475e-b58c-52489c143fd8,2,11,1.9,H,1,143.2,H,48,2868,OH
iiw1neqh,27,62,OOOOHO,7c244df7-945d-4b66-ae8a-d98363230784,2,11,1.9,H,1,195,H,50,6038,HO
kuln1ae8,27,63,OOOOOH,bf2f5ef7-5d37-4803-855b-ac4e67c623a2,2,11,2.5,O,0,20,H,80,11499,HO
l03efj31,27,49,OOHHHH,b1f368fb-3e73-4edc-9f1b-d34ff24a8a36,2,11,2.5,H,0,80,O,20,5486,HO
l7mooatv,27,13,HHOOHH,90340dba-e36b-4365-b678-7280666bd717,2,11,2.5,H,1,112,H,8,5129,OH
oyd53vb3,27,5,HHHOHH,756681f3-d684-463a-9014-f53ee6cde0e6,2,11,2.5,H,0,32,O,68,6469,OH
s3l5cnfu,27,25,HOOHHH,8a32bad4-4a85-495a-b0fa-7550d7a40c83,2,11,1.9,H,1,170.3,H,37,2880,OH
y2byltnd,27,41,OHOHHH,eacfc5b8-c07e-4894-b47c-36da52f7bb34,2,11,2.5,H,0,94,O,6,7161,HO
4bwhtil0,28,9,HHOHHH,25b58821-d792-4638-a71a-2abe485f4b3e,2,12,2.5,O,1,127,O,18,7867,HO
98r4dh1u,28,60,OOOHOO,e5bcc02f-1e50-4411-b428-432037d78ea6,2,12,2.5,O,1,217.5,O,47,5926,HO
gih6nd5f,28,4,HHHHOO,2e5ce727-961f-4402-a85c-63f30cedd3e9,2,12,1.9,O,0,52,H,48,3553,HO
iiw1neqh,28,25,HOOHHH,1867f8d1-978b-43e6-9ee8-c947db10fd29,2,12,1.9,H,0,20,O,80,8117,OH
kuln1ae8,28,19,HOHHOH,9e26719e-f85d-4161-acd9-5f7fd4f0ff85,2,12,2.5,O,0,40,H,60,16260,HO
l03efj31,28,1,HHHHHH,20cc415a-4c0e-4355-99b9-2560fcb86b90,2,12,2.5,O,1,200,O,40,7041,OH
l7mooatv,28,46,OHOOHO,4f850086-4080-477c-93b1-7d53333ac747,2,12,2.5,H,1,124,H,16,4897,HO
oyd53vb3,28,38,OHHOHO,6d5cfd0d-c502-40d3-9d98-0d0cff84f8d8,2,12,2.5,H,1,325,H,90,9767,HO
s3l5cnfu,28,31,HOOOOH,e259a478-6a76-4739-85fa-ef9fb63cfd96,2,12,1.9,H,1,139.9,H,21,2709,OH
y2byltnd,28,62,OOOOHO,8f13bf9f-db09-4e5d-b9bc-334d27f6f712,2,12,2.5,O,0,90,H,10,8502,OH
4bwhtil0,29,63,OOOOOH,e8faf761-ec57-4e61-a6ea-82d43851de05,2,13,2.5,O,0,84,H,16,10331,HO
98r4dh1u,29,8,HHHOOO,ea20d42c-ae9c-4097-acd9-579e6bd3937f,2,13,2.5,O,0,78,H,22,7859,HO
gih6nd5f,29,21,HOHOHH,13cb8b0f-9a4d-4564-ae72-4952c898bd39,2,13,1.9,H,1,143.2,H,48,3873,OH
iiw1neqh,29,57,OOOHHH,02650057-37aa-4bef-9a25-4da0a099b4d0,2,13,1.9,O,0,100,NB,0,5090,HO
kuln1ae8,29,24,HOHOOO,3344f8bc-c6e0-4834-bed3-119987c77a65,2,13,2.5,H,1,225,H,50,19560,OH
l03efj31,29,10,HHOHHO,a07a70da-ce8b-41a8-8929-329bc90e400b,2,13,2.5,O,1,187.5,O,35,7785,OH
l7mooatv,29,30,HOOOHO,c74324b6-a063-4832-81a8-3beeedcefad6,2,13,2.5,O,1,133,O,22,2198,OH
oyd53vb3,29,28,HOOHOO,aea69350-f1c8-4572-ba8d-63c76f91b8c0,2,13,2.5,O,0,100,NB,0,6772,OH
s3l5cnfu,29,35,OHHHOH,d4829911-c947-4269-956b-b29bf7307cd5,2,13,1.9,H,1,145.6,H,24,2847,HO
y2byltnd,29,48,OHOOOO,4f0d9273-8c8f-4923-9555-a5cd036f29e9,2,13,2.5,O,1,109,O,6,9351,HO
4bwhtil0,30,27,HOOHOH,40d6d490-197e-46f3-b614-89f98508b322,2,14,2.5,O,1,128.5,O,19,9605,HO
98r4dh1u,30,23,HOHOOH,cdd1507c-2897-4b28-8183-e6be59adc2a4,2,14,2.5,H,0,55,O,45,8045,OH
gih6nd5f,30,55,OOHOOH,c98e2a20-dce3-41bd-93e0-5f96aa6d991c,2,14,1.9,O,1,145.9,O,51,4515,OH
iiw1neqh,30,3,HHHHOH,72f8f8e5-d233-4eba-bd3c-c50d66a7086a,2,14,1.9,H,1,195,H,50,5621,OH
kuln1ae8,30,6,HHHOHO,3ad706c0-51e7-4e69-ad83-9f3311a15e2e,2,14,2.5,H,1,262.5,H,65,21813,HO
l03efj31,30,31,HOOOOH,7cad108f-7a10-4fe6-b34c-b55961ef65d7,2,14,2.5,O,0,70,H,30,5955,HO
l7mooatv,30,18,HOHHHO,14d8026c-f4e1-46a0-91a7-57c5dba82c3e,2,14,2.5,H,0,91,O,9,2845,HO
oyd53vb3,30,37,OHHOHH,af54455c-131e-4f61-96d6-a7a5cdc26c33,2,14,2.5,O,0,48,H,52,16876,HO
s3l5cnfu,30,17,HOHHHH,17587460-8ea0-4ecd-a1d6-eab5cf6a33d8,2,14,1.9,H,1,153.2,H,28,3461,OH
y2byltnd,30,9,HHOHHH,840f0269-95c8-48c4-bb88-c4d1e7c2e8a9,2,14,2.5,O,1,113.5,O,9,12724,OH
4bwhtil0,31,54,OOHOHO,744b4298-d4a4-49a8-97c7-8e65c7a88948,2,15,2.5,H,0,87,O,13,3875,OH
98r4dh1u,31,24,HOHOOO,e0ffd95a-a8fa-4937-bcad-8b699dc3914c,2,15,2.5,O,0,63,H,37,7057,OH
gih6nd5f,31,3,HHHHOH,d6397cea-cc84-4853-a651-c747819ea35b,2,15,1.9,H,1,142.3,H,47,3457,HO
iiw1neqh,31,61,OOOOHH,462aea0e-f9cc-438c-93c6-eb14863180ef,2,15,1.9,H,1,195,H,50,7035,HO
kuln1ae8,31,51,OOHHOH,e885ca22-2961-4894-9f28-177124191e50,2,15,2.5,H,0,80,O,20,17113,OH
l03efj31,31,23,HOHOOH,afab6835-f794-4abd-bd2b-56fce149e0db,2,15,2.5,H,0,60,O,40,5361,OH
l7mooatv,31,8,HHHOOO,a8e205b7-2d8a-48cb-8393-7f94290cac8d,2,15,2.5,O,1,115,O,10,4321,OH
oyd53vb3,31,59,OOOHOH,c38c2cfb-313e-4676-9193-94f5297fa397,2,15,2.5,O,1,260,O,64,6790,HO
s3l5cnfu,31,62,OOOOHO,4158924f-cca4-43e9-84e8-0b1d35d8b349,2,15,1.9,O,1,139.9,O,21,2255,OH
y2byltnd,31,57,OOOHHH,ee4a9ba7-50ee-4b48-87b8-941b97e17a53,2,15,2.5,H,1,104.5,H,3,4204,OH
4bwhtil0,32,20,HOHHOO,bba542cc-7288-4785-99d1-000a92a12bcb,2,16,2.5,H,1,125.5,H,17,3482,OH
98r4dh1u,32,29,HOOOHH,b8faa825-4c00-485d-8a2d-dd3300d7b09c,2,16,2.5,O,1,195,O,38,8666,HO
gih6nd5f,32,60,OOOHOO,9000bea4-24d7-413b-9183-7ff9111ad0ee,2,16,1.9,H,0,46,O,54,4879,HO
iiw1neqh,32,55,OOHOOH,726b2efa-5c9c-462d-8990-fd5205a5741d,2,16,1.9,O,0,100,NB,0,8422,HO
kuln1ae8,32,59,OOOHOH,c399a3b8-70b7-4066-b4ae-4416d7e93756,2,16,2.5,H,1,187.5,H,35,8047,HO
l03efj31,32,11,HHOHOH,1aa89cce-dd42-42fb-8d14-bda3536b93f3,2,16,2.5,O,0,60,H,40,7745,OH
l7mooatv,32,23,HOHOOH,49049945-acf6-4d03-8796-f3312a5bdd9d,2,16,2.5,O,1,112,O,8,5258,HO
oyd53vb3,32,25,HOOHHH,06b3f2ca-395e-4c59-96b4-bc8af422cd55,2,16,2.5,O,1,270,O,68,7677,OH
s3l5cnfu,32,22,HOHOHO,aec3c219-1fb7-45c1-b11d-0f43177c10d1,2,16,1.9,H,0,83,O,17,2836,HO
y2byltnd,32,28,HOOHOO,cce5d250-ab0a-4777-a8e8-46980885f23d,2,16,2.5,H,0,100,NB,0,3547,HO
4bwhtil0,33,44,OHOHOO,1a4adcbe-19cc-47d7-889b-4c427b3725e7,3,1,2.5,H,1,125.5,H,17,5178,HO
98r4dh1u,33,5,HHHOHH,9ed4f7d5-39e1-434d-a178-7cd6cd8b366b,3,1,2.5,H,1,230,H,52,16015,HO
gih6nd5f,33,23,HOHOOH,78985ab3-3cc1-4415-bfc0-0047fa5dc687,3,1,1.9,O,0,56,H,44,3570,OH
iiw1neqh,33,2,HHHHHO,b26ac6e6-7b5c-4a22-9209-083cb3a6593c,3,1,1.9,H,0,70,O,30,24309,OH
kuln1ae8,33,61,OOOOHH,82b1f60c-0a14-4bbd-b2ac-183ebe82b353,3,1,2.5,O,1,175,O,30,15565,OH
l03efj31,33,59,OOOHOH,7fa6a5b2-d55b-4bb2-b73f-a49385d27200,3,1,2.5,O,0,100,NB,0,11798,OH
l7mooatv,33,54,OOHOHO,c4c51cf9-828c-4375-b083-cd0ce53d9764,3,1,2.5,O,0,85,H,15,7023,OH
oyd53vb3,33,1,HHHHHH,28b5c1f3-0b62-431f-88e4-64b1bb33eb5f,3,1,2.5,H,0,37,O,63,4715,OH
s3l5cnfu,33,55,OOHOOH,dfc5a4ba-a3bb-43df-8f73-93dd784287ef,3,1,1.9,H,1,158.9,H,31,8297,HO
y2byltnd,33,7,HHHOOH,24f075eb-9db7-4bf5-ab09-da7147a3757a,3,1,2.5,O,1,109,O,6,7872,HO
4bwhtil0,34,19,HOHHOH,5efd9e0a-b12e-4126-b6e6-d4e93e1d9a66,3,2,2.5,O,1,119.5,O,13,5118,HO
98r4dh1u,34,10,HHOHHO,95592c79-c5a3-4d00-b6c3-88dad71a807e,3,2,2.5,H,1,197.5,H,39,4834,OH
gih6nd5f,34,50,OOHHHO,14f52db0-7154-40fb-9b7f-64b8f8fed448,3,2,1.9,H,1,139.6,H,44,4875,HO
iiw1neqh,34,32,HOOOOO,b3f093cd-9e31-4c83-8684-c9030eb2caee,3,2,1.9,H,1,290,H,100,6933,HO
kuln1ae8,34,9,HHOHHH,e7b3e8d3-a6ac-4266-a7b5-1da625c20425,3,2,2.5,H,0,100,NB,0,14755,OH
l03efj31,34,38,OHHOHO,e62a60c7-3a7e-4a7b-b200-abf8ce9150f1,3,2,2.5,H,0,100,NB,0,2982,HO
l7mooatv,34,48,OHOOOO,55634519-5080-4fa9-a9a6-841ede6b8fcb,3,2,2.5,O,1,113.5,O,9,3662,OH
oyd53vb3,34,49,OOHHHH,e969463e-ada0-4b7e-ae7e-a42127a58fc1,3,2,2.5,H,0,100,NB,0,3590,HO
s3l5cnfu,34,1,HHHHHH,545196dd-7b42-4060-bf79-372e0b1fb81c,3,2,1.9,H,0,87,O,13,7612,HO
y2byltnd,34,54,OOHOHO,4edb51bd-970d-43f0-930b-f7f3bb036045,3,2,2.5,H,0,96,O,4,8672,HO
4bwhtil0,35,41,OHOHHH,1724ea19-045c-478f-adf4-81e68bd3923a,3,3,2.5,H,0,87,O,13,4837,OH
98r4dh1u,35,55,OOHOOH,f63fbb5a-892f-4c13-b3e5-67b9f8df8ad9,3,3,2.5,H,0,75,O,25,5627,OH
gih6nd5f,35,57,OOOHHH,2a338e01-4f40-43ae-997f-3c44b0d559e5,3,3,1.9,H,1,138.7,H,43,3285,OH
iiw1neqh,35,37,OHHOHH,9df37344-3219-4f77-9ab1-5a927cd6cf93,3,3,1.9,O,1,195,O,50,7245,OH
kuln1ae8,35,45,OHOOHH,de070d0d-d19c-44cb-9b73-57b931d3c67b,3,3,2.5,O,0,40,H,60,23410,HO
l03efj31,35,39,OHHOOH,bd42f495-4fee-4798-9528-5f87fb474731,3,3,2.5,H,0,100,NB,0,3230,OH
l7mooatv,35,51,OOHHOH,1080db51-72ef-44da-acd2-c952f607b14d,3,3,2.5,O,0,86,H,14,2290,OH
oyd53vb3,35,21,HOHOHH,92cce5e3-bfc5-4997-814f-6737ae822ce7,3,3,2.5,O,1,242.5,O,57,9462,HO
s3l5cnfu,35,5,HHHOHH,d4f1b5f6-aebf-4095-95ce-b601071d962f,3,3,1.9,H,0,86,O,14,3917,HO
y2byltnd,35,3,HHHHOH,3111b2db-0499-4986-86c0-c0d78d57b086,3,3,2.5,O,1,110.5,O,7,7514,HO
4bwhtil0,36,29,HOOOHH,76af4376-0747-407c-917c-0cd1c007ef59,3,4,2.5,O,1,122.5,O,15,5372,HO
98r4dh1u,36,57,OOOHHH,e22ba2ea-706a-46d2-816e-cb86ec0ab5e6,3,4,2.5,H,0,100,NB,0,3773,OH
gih6nd5f,36,22,HOHOHO,c6160954-4106-433c-b730-95959fd214eb,3,4,1.9,O,1,139.6,O,44,3471,OH
iiw1neqh,36,13,HHOOHH,ba6d94d7-926e-4a0f-8ce3-c38a24b47f2e,3,4,1.9,H,1,231.1,H,69,7430,OH
kuln1ae8,36,33,OHHHHH,ba419b35-e066-4a9c-bbe7-c7adc5bac0c0,3,4,2.5,H,0,75,O,25,11783,OH
l03efj31,36,19,HOHHOH,f22ba72c-6d7b-445a-ba5d-20e9e406188a,3,4,2.5,H,0,100,NB,0,2662,OH
l7mooatv,36,3,HHHHOH,bd82e925-6f3f-403b-b7e8-22769ff8630b,3,4,2.5,O,1,118,O,12,2003,OH
oyd53vb3,36,33,OHHHHH,12246176-831f-4c04-bfc7-29c7f3d6010b,3,4,2.5,H,0,54,O,46,8250,HO
s3l5cnfu,36,32,HOOOOO,889b3a19-3acd-4eff-8539-7cb2aeacb560,3,4,1.9,H,1,166.5,H,35,4272,HO
y2byltnd,36,32,HOOOOO,861e178f-1de7-4386-a6c5-4a58cb42d0de,3,4,2.5,O,0,84,H,16,12205,HO
4bwhtil0,37,25,HOOHHH,54f5fe54-567e-4eac-80ce-9a906f8d231b,3,5,2.5,H,0,100,NB,0,3075,HO
98r4dh1u,37,27,HOOHOH,53c6dc22-eda3-4f5e-8605-9efb8dcf76d6,3,5,2.5,O,1,210,O,44,8795,OH
gih6nd5f,37,30,HOOOHO,133ac49f-431f-430e-9c69-2ab94c58fa78,3,5,1.9,O,0,57,H,43,4641,OH
iiw1neqh,37,11,HHOHOH,8a23cbc8-6e4d-4def-adca-9b178fad6a13,3,5,1.9,H,1,195,H,50,9142,OH
kuln1ae8,37,22,HOHOHO,da9b631b-c958-41d2-8a40-9082fb72f49e,3,5,2.5,O,1,125,O,10,12442,HO
l03efj31,37,22,HOHOHO,fe2b6277-ea36-4e54-b7dd-2512dc103126,3,5,2.5,O,0,100,NB,0,2740,HO
l7mooatv,37,5,HHHOHH,23eef530-92ff-4985-9a99-5f254171f8b6,3,5,2.5,H,0,87,O,13,2135,HO
oyd53vb3,37,45,OHOOHH,c1c8948b-3113-4146-94dd-dbc27aff8cd2,3,5,2.5,O,1,225,O,50,8608,OH
s3l5cnfu,37,16,HHOOOO,9959256d-71cf-46be-8be0-f6dceb0de9b6,3,5,1.9,O,1,143.7,O,23,7780,HO
y2byltnd,37,55,OOHOOH,077597bc-80d6-4565-96e5-939cd29d9e3c,3,5,2.5,H,0,95,O,5,19152,HO
4bwhtil0,38,35,OHHHOH,93d93c75-e758-4260-9b49-1fc8d6a80e66,3,6,2.5,H,0,87,O,13,8309,HO
98r4dh1u,38,35,OHHHOH,1f8d23fc-05f7-413a-bf7b-9292ffa08ca2,3,6,2.5,O,0,76,H,24,10906,HO
gih6nd5f,38,61,OOOOHH,7a2c8e08-d4f6-4b03-8922-bf1b358046f8,3,6,1.9,H,1,141.4,H,46,6618,HO
iiw1neqh,38,34,OHHHHO,d34278ad-e6a0-4d29-9e78-68f92e1b311c,3,6,1.9,H,0,0,O,100,3741,OH
kuln1ae8,38,27,HOOHOH,3ea915b8-0acc-4b2d-b4f8-6c8f85702df8,3,6,2.5,O,0,60,H,40,10565,OH
l03efj31,38,56,OOHOOO,6274f487-e91b-41d5-8b5c-ac9515905e55,3,6,2.5,H,0,100,NB,0,2821,OH
l7mooatv,38,21,HOHOHH,09d6f017-252f-4153-879e-d61595ea4e3e,3,6,2.5,O,1,118,O,12,2145,OH
oyd53vb3,38,12,HHOHOO,285f88bb-ec7a-482a-b9dc-ec9256f51329,3,6,2.5,O,0,36,H,64,5922,OH
s3l5cnfu,38,43,OHOHOH,9af5556a-ffdb-4309-9c54-d3f09c97c5a4,3,6,1.9,H,0,84,O,16,12935,HO
y2byltnd,38,58,OOOHHO,971397f0-09dc-4ab4-946e-918feac5b3fb,3,6,2.5,H,0,94,O,6,7132,OH
4bwhtil0,39,12,HHOHOO,b75945d2-1228-428b-bf21-7218d98be25d,3,7,2.5,O,0,100,NB,0,4472,HO
98r4dh1u,39,31,HOOOOH,277e703f-6c7f-4300-831f-a17424cdfdf7,3,7,2.5,O,1,180,O,32,5711,HO
gih6nd5f,39,16,HHOOOO,2e6d9633-fbed-4878-be82-938a02cbbbc8,3,7,1.9,H,0,56,O,44,3962,OH
iiw1neqh,39,64,OOOOOO,c90b5696-7b1c-45f3-8c92-15b6d6f96888,3,7,1.9,O,0,100,NB,0,7113,OH
kuln1ae8,39,35,OHHHOH,7ab7773e-8017-4f9a-b077-688a083c01fd,3,7,2.5,H,1,150,H,20,16325,OH
l03efj31,39,6,HHHOHO,139568f8-0d08-43d7-bb74-d131d8576334,3,7,2.5,H,0,100,NB,0,1838,HO
l7mooatv,39,52,OOHHOO,78c02015-9eb9-40a4-b04b-b71ee3c32ef8,3,7,2.5,H,1,116.5,H,11,3160,HO
oyd53vb3,39,2,HHHHHO,f2e7c188-25c5-49e0-b740-5ae66f70681b,3,7,2.5,H,0,44,O,56,7387,HO
s3l5cnfu,39,47,OHOOOH,afa81f14-b639-4078-bf04-178f758d4522,3,7,1.9,H,1,166.5,H,35,2548,OH
y2byltnd,39,40,OHHOOO,8d828fef-363a-4aac-957f-bbad2c8386db,3,7,2.5,H,1,107.5,H,5,13179,OH
4bwhtil0,40,36,OHHHOO,fb08f873-f44a-4016-b8bd-66cc584f02a7,3,8,2.5,H,1,124,H,16,4294,OH
98r4dh1u,40,62,OOOOHO,aa6379b2-aa58-4562-8f26-7f313e95d2ed,3,8,2.5,H,0,63,O,37,5931,OH
gih6nd5f,40,58,OOOHHO,0ba9aa28-9bc9-4cc5-8cb8-9f7cd83148a4,3,8,1.9,O,1,139.6,O,44,3462,HO
iiw1neqh,40,45,OHOOHH,8c4e88cf-ab92-4acb-9ca0-c609b45cc518,3,8,1.9,O,0,79,H,21,6454,HO
kuln1ae8,40,3,HHHHOH,e1fe41f2-b2ec-40ca-b3c8-ee9577d3fd76,3,8,2.5,H,1,175,H,30,17145,HO
l03efj31,40,53,OOHOHH,2fbaf9c4-2fe1-4d6f-bcd2-2f301341ab6e,3,8,2.5,O,0,100,NB,0,2380,OH
l7mooatv,40,36,OHHHOO,c7fab2ad-c6d9-4b3f-bc3f-e421358f2794,3,8,2.5,H,0,91,O,9,2326,OH
oyd53vb3,40,51,OOHHOH,c0534f5f-e373-4044-9354-63b4e926a68f,3,8,2.5,H,0,67,O,33,22929,HO
s3l5cnfu,40,8,HHHOOO,53f00a2a-9b33-445d-9e65-fc73f5bb1265,3,8,1.9,H,0,77,O,23,3040,HO
y2byltnd,40,49,OOHHHH,390887e1-4a8d-4437-b50b-2bcd03115684,3,8,2.5,H,0,94,O,6,7420,HO
4bwhtil0,41,48,OHOOOO,889f8685-d57b-4d39-bd73-26ee83253f83,3,9,2.5,H,1,125.5,H,17,3825,OH
98r4dh1u,41,42,OHOHHO,30a6cb1d-54ba-4024-8e38-d265247b4af0,3,9,2.5,O,1,197.5,O,39,9930,HO
gih6nd5f,41,10,HHOHHO,f5d75b54-7a41-4341-8e0b-0307299b44ac,3,9,1.9,O,0,55,H,45,3285,OH
iiw1neqh,41,56,OOHOOO,29881219-6cb8-4e69-975c-fcde486669f8,3,9,1.9,O,0,50,H,50,4829,OH
kuln1ae8,41,7,HHHOOH,6dd51af8-eb21-4bf0-8332-f063eb21f12c,3,9,2.5,O,1,162.5,O,25,12615,OH
l03efj31,41,27,HOOHOH,009ebeb6-8640-4979-90f8-bb72cfebe93f,3,9,2.5,H,0,100,NB,0,1644,HO
l7mooatv,41,37,OHHOHH,48d10693-e825-4f4d-936a-a6df65d1f3ec,3,9,2.5,H,0,86,O,14,2712,HO
oyd53vb3,41,8,HHHOOO,fc07fa9e-3d16-4674-aed4-49107a584f47,3,9,2.5,O,0,100,NB,0,3145,HO
s3l5cnfu,41,63,OOOOOH,b42a0ffe-aeea-4034-8490-c9cc2a6cab46,3,9,1.9,H,0,77,O,23,4824,HO
y2byltnd,41,44,OHOHOO,54b92b6a-cf39-4021-8583-3f42d3e4389a,3,9,2.5,O,0,95,H,5,7143,OH
4bwhtil0,42,3,HHHHOH,ce615b32-2eb7-4bac-aeaf-eecb00b822e1,3,10,2.5,H,1,124,H,16,3686,OH
98r4dh1u,42,9,HHOHHH,8e2bdaae-71e2-42ee-8d5f-d54dde685cbe,3,10,2.5,H,1,227.5,H,51,5988,HO
gih6nd5f,42,46,OHOOHO,f77d7a60-a880-45e0-81b0-986b709ecd01,3,10,1.9,H,0,53,O,47,3194,OH
iiw1neqh,42,35,OHHHOH,607c9692-420a-4819-b7df-15451c10aa11,3,10,1.9,H,0,51,O,49,9384,OH
kuln1ae8,42,40,OHHOOO,704181e9-fcc2-4655-8346-f8f0f4ab3a76,3,10,2.5,O,0,50,H,50,15599,OH
l03efj31,42,42,OHOHHO,c8512fd5-0055-473e-bc05-a4e7ef597a46,3,10,2.5,H,0,100,NB,0,1652,OH
l7mooatv,42,26,HOOHHO,80648394-d0d7-4149-aa7e-3e8ac7aaebd4,3,10,2.5,H,1,122.5,H,15,4553,OH
oyd53vb3,42,53,OOHOHH,1fc24193-c9b7-482a-9c90-890bdc0d2fb3,3,10,2.5,O,1,250,O,60,5472,HO
s3l5cnfu,42,36,OHHHOO,e29542e1-351c-4f77-919e-0c14ef584a1b,3,10,1.9,O,0,68,H,32,3528,HO
y2byltnd,42,37,OHHOHH,cdf138d2-a78c-49b5-af30-74affd78d5b3,3,10,2.5,H,0,93,O,7,4664,OH
4bwhtil0,43,8,HHHOOO,146b4592-e0b1-4996-a6a9-d81298badef9,3,11,2.5,O,0,100,NB,0,2900,HO
98r4dh1u,43,58,OOOHHO,e98fef5b-5d82-46ef-8e6c-2e142b974b03,3,11,2.5,H,1,212.5,H,45,6500,OH
gih6nd5f,43,36,OHHHOO,e378dbb0-0dbf-45ec-a818-fe9a2616c5d4,3,11,1.9,H,1,141.4,H,46,3508,HO
iiw1neqh,43,53,OOHOHH,dfd1d6e7-d6fb-4bf5-8ef9-36b8073874a4,3,11,1.9,O,1,214,O,60,7866,HO
kuln1ae8,43,16,HHOOOO,451ff298-35fa-4b8f-82d8-0f402553c618,3,11,2.5,O,1,187.5,O,35,8992,OH
l03efj31,43,52,OOHHOO,6276f608-494a-4943-8a86-df6ce99d4ed6,3,11,2.5,H,0,100,NB,0,1813,OH
l7mooatv,43,11,HHOHOH,b7f67a76-1748-4763-8a7e-ea049f6da5ad,3,11,2.5,H,0,80,O,20,4229,OH
oyd53vb3,43,57,OOOHHH,e1433ca8-459f-4c75-b267-086d148fbc8e,3,11,2.5,H,0,33,O,67,6504,HO
s3l5cnfu,43,53,OOHOHH,8720fdf0-cddb-47af-ab28-f2f3c911dd25,3,11,1.9,H,1,138,H,20,3550,OH
y2byltnd,43,53,OOHOHH,3672c274-43db-4304-aa11-4495739e3dc5,3,11,2.5,H,1,107.5,H,5,5560,HO
4bwhtil0,44,42,OHOHHO,a3d55718-1fc4-4764-8ef0-5561c515f899,3,12,2.5,H,0,88,O,12,6256,HO
98r4dh1u,44,45,OHOOHH,6ec37a4c-52aa-47f6-a873-008b0c6e104a,3,12,2.5,O,1,160,O,24,9598,OH
gih6nd5f,44,1,HHHHHH,22b9d0d3-0f33-4bf9-bbb2-6aae966d245c,3,12,1.9,O,0,54,H,46,5334,OH
iiw1neqh,44,23,HOHOOH,33881e02-7fd3-4d95-95e2-a43b91e95f58,3,12,1.9,H,1,179.8,H,42,5809,OH
kuln1ae8,44,11,HHOHOH,b2c1a744-3385-4938-a5ef-e57a0ad6e676,3,12,2.5,O,0,60,H,40,7924,HO
l03efj31,44,55,OOHOOH,6adb3578-2aa2-4d72-8ace-00ecdabbf878,3,12,2.5,O,0,100,NB,0,2573,OH
l7mooatv,44,57,OOOHHH,b3707120-e6be-413a-8fd7-360014394f81,3,12,2.5,H,1,116.5,H,11,2720,OH
oyd53vb3,44,56,OOHOOO,06cfae54-5425-4bc6-81c2-a6ef31153b46,3,12,2.5,H,1,202.5,H,41,9504,HO
s3l5cnfu,44,15,HHOOOH,8ada167b-46c3-41a0-8f4f-56a4e6d37784,3,12,1.9,H,1,170.3,H,37,2387,OH
y2byltnd,44,45,OHOOHH,80616359-da22-4af1-9e72-6c2b1db42ab2,3,12,2.5,O,0,100,NB,0,4092,HO
4bwhtil0,45,21,HOHOHH,9ea576eb-48c7-471d-b2f7-cd1eb8f2b05d,3,13,2.5,H,1,122.5,H,15,5047,OH
98r4dh1u,45,3,HHHHOH,2baefbd7-b0e1-400a-807b-231abf3618a5,3,13,2.5,H,1,247.5,H,59,5830,OH
gih6nd5f,45,18,HOHHHO,2a74f4fb-1ce2-4d29-8578-de2f52e9f416,3,13,1.9,O,1,141.4,O,46,3475,OH
iiw1neqh,45,16,HHOOOO,75de394e-ee08-4df7-b25a-73ac65ff8978,3,13,1.9,H,1,212.1,H,59,4603,OH
kuln1ae8,45,29,HOOOHH,3ea6c333-1399-4bb6-a31d-443ebdeba0f9,3,13,2.5,O,1,162.5,O,25,7217,OH
l03efj31,45,7,HHHOOH,b844065d-2644-429b-a065-8919c84b58af,3,13,2.5,H,0,100,NB,0,2165,OH
l7mooatv,45,1,HHHHHH,7c77ea8b-c3b0-440d-addf-7f716d61cb9a,3,13,2.5,O,0,52,H,48,7311,HO
oyd53vb3,45,64,OOOOOO,644fb538-ef34-44f7-b6ee-8edaa3ec0aed,3,13,2.5,O,0,31,H,69,3870,OH
s3l5cnfu,45,29,HOOOHH,663cd72c-451a-4527-a717-a2a2a514e1a0,3,13,1.9,H,1,158.9,H,31,2750,HO
y2byltnd,45,5,HHHOHH,846cbbbc-c82b-4e1c-bed2-e2a99e8f8334,3,13,2.5,O,0,85,H,15,9240,OH
4bwhtil0,46,16,HHOOOO,a5a8e4d0-9721-4b79-982a-9f35ad7d8e49,3,14,2.5,H,1,122.5,H,15,3690,HO
98r4dh1u,46,53,OOHOHH,fdc507fc-68c2-4ee1-9163-e58c953682eb,3,14,2.5,H,0,74,O,26,9189,OH
gih6nd5f,46,39,OHHOOH,4c481657-fe07-484a-aa2e-ad1fe7bd3c6a,3,14,1.9,H,1,142.3,H,47,5030,HO
iiw1neqh,46,8,HHHOOO,ef42a268-6fb5-48d6-ac59-d43ee22e891b,3,14,1.9,H,0,50,O,50,5344,HO
kuln1ae8,46,32,HOOOOO,8af4e107-4d3a-4ff2-8ee6-096c03dd63e8,3,14,2.5,O,1,112.5,O,5,9498,OH
l03efj31,46,36,OHHHOO,ce1076f6-00cd-4bac-b777-9759e9ede0a4,3,14,2.5,O,0,100,NB,0,1378,HO
l7mooatv,46,38,OHHOHO,12550dda-dc01-42ee-b348-d9256ee8ecf0,3,14,2.5,O,1,110.5,O,7,2699,HO
oyd53vb3,46,54,OOHOHO,b93c1ab3-7f6d-409e-9507-d63f44d86d8f,3,14,2.5,H,0,42,O,58,14605,OH
s3l5cnfu,46,20,HOHHOO,89a0ac4d-c8ad-4ebf-8777-c02cf2b10796,3,14,1.9,H,0,56,O,44,2871,HO
y2byltnd,46,38,OHHOHO,58e37fee-b930-46ad-95fd-b1cf0a3d0261,3,14,2.5,H,0,94,O,6,7534,HO
4bwhtil0,47,38,OHHOHO,f5737d43-3888-4373-9c95-6d32da72cf95,3,15,2.5,O,1,127,O,18,4785,HO
98r4dh1u,47,48,OHOOOO,569d2c12-3906-43c5-a44a-6490bf8d9a56,3,15,2.5,O,0,70,H,30,9051,HO
gih6nd5f,47,11,HHOHOH,e5dbd062-275e-4d24-8e77-e313be58aa87,3,15,1.9,O,1,140.5,O,45,4880,HO
iiw1neqh,47,29,HOOOHH,329c713f-bf27-452b-bac4-4f39978c5e85,3,15,1.9,O,1,195,O,50,12104,HO
kuln1ae8,47,14,HHOOHO,12de14a0-8480-4c92-a065-e49f988aa67a,3,15,2.5,O,0,50,H,50,10153,OH
l03efj31,47,44,OHOHOO,7617cf36-3964-428c-bd41-c8c79650b317,3,15,2.5,O,0,100,NB,0,2339,HO
l7mooatv,47,33,OHHHHH,25bd65c8-c857-4697-b7cf-9f3fa7324c05,3,15,2.5,O,1,118,O,12,4621,OH
oyd53vb3,47,46,OHOOHO,d6571dde-1488-4670-9242-119e15537f78,3,15,2.5,H,1,172.5,H,29,9214,HO
s3l5cnfu,47,61,OOOOHH,9bc79d09-e85a-42f2-ba57-1e32a488eb59,3,15,1.9,H,0,82,O,18,4639,OH
y2byltnd,47,8,HHHOOO,4125c254-3dd8-4771-9799-fd43051f1bfc,3,15,2.5,O,0,100,NB,0,2114,OH
4bwhtil0,48,26,HOOHHO,089ad739-e5e4-4a01-a92d-0c55e8e00a38,3,16,2.5,H,0,100,NB,0,3786,HO
98r4dh1u,48,47,OHOOOH,fde1aa68-4f09-4500-96b0-c5d30128aab3,3,16,2.5,H,0,74,O,26,7709,HO
gih6nd5f,48,63,OOOOOH,0a9b90d0-081a-4fde-b4af-1918988acff5,3,16,1.9,O,1,136.9,O,41,4055,OH
iiw1neqh,48,60,OOOHOO,d4de370f-a024-4a80-b731-dd68bbf1986f,3,16,1.9,H,0,100,NB,0,6545,HO
kuln1ae8,48,58,OOOHHO,18a40bd7-16b9-490c-825f-a83b01a802be,3,16,2.5,O,0,80,H,20,7555,HO
l03efj31,48,40,OHHOOO,3b62fd87-9bc2-4aa5-a3b3-b7dce3924db5,3,16,2.5,H,0,100,NB,0,1686,OH
l7mooatv,48,22,HOHOHO,5f4a6674-ed00-4c45-821c-8e165daa9eeb,3,16,2.5,O,1,110.5,O,7,3296,HO
oyd53vb3,48,19,HOHHOH,c4e00944-956c-4001-a869-58745f1a4488,3,16,2.5,H,0,65,O,35,6549,OH
s3l5cnfu,48,42,OHOHHO,a74c9210-49c0-49f9-a4a0-2c2890c33657,3,16,1.9,O,1,168.4,O,36,2020,OH
y2byltnd,48,11,HHOHOH,ef716703-fa79-4ff6-8b94-110a993d8234,3,16,2.5,H,1,115,H,10,10385,HO
4bwhtil0,49,33,OHHHHH,15f93066-2522-4194-9e35-6ccc8f078b1c,4,1,2.5,H,0,85,O,15,6639,OH
98r4dh1u,49,26,HOOHHO,4271e7a3-de99-46d4-bc05-60a4c0b31474,4,1,2.5,O,0,77,H,23,9255,OH
gih6nd5f,49,53,OOHOHH,8eb5de64-8875-456c-8d14-072abe50054f,4,1,1.9,H,1,139.6,H,44,5211,OH
iiw1neqh,49,58,OOOHHO,0ada5e56-9a88-4235-a108-38cd9d8ae940,4,1,1.9,O,1,290,O,100,7704,HO
kuln1ae8,49,34,OHHHHO,d3bf9ae8-2f29-440f-9157-cc3568caa4ca,4,1,2.5,H,0,70,O,30,16229,HO
l03efj31,49,41,OHOHHH,247737ba-b14d-4c41-8ec1-ef61ce01d99b,4,1,2.5,H,0,50,O,50,9705,HO
l7mooatv,49,59,OOOHOH,d1cd9881-4416-4b71-8d06-caabbe2ea2ed,4,1,2.5,O,1,115,O,10,7370,OH
oyd53vb3,49,18,HOHHHO,9e047baf-8f27-4778-a07d-7e8bde333486,4,1,2.5,O,0,53,H,47,12511,OH
s3l5cnfu,49,50,OOHHHO,2e41e66d-70c5-437e-be63-122fad9b3b78,4,1,1.9,O,1,164.6,O,34,2995,HO
y2byltnd,49,25,HOOHHH,612b3f43-fcf1-4c2c-9979-cc19b5dc6a68,4,1,2.5,H,0,93,O,7,8141,OH
4bwhtil0,50,31,HOOOOH,5713231f-8273-4028-8169-e8c1b85a16f5,4,2,2.5,H,0,82,O,18,3503,OH
98r4dh1u,50,22,HOHOHO,20d3b1d7-08bb-4b98-ad08-46eb96986276,4,2,2.5,O,0,43,H,57,8400,HO
gih6nd5f,50,54,OOHOHO,a0de7ced-5737-441e-9e58-b2c5b563b96c,4,2,1.9,O,1,139.6,O,44,4952,HO
iiw1neqh,50,36,OHHHOO,a507111a-ebdf-458f-9f9f-ec768c4a7900,4,2,1.9,H,1,233,H,70,10680,OH
kuln1ae8,50,31,HOOOOH,568f620e-39d8-402b-935f-f813f29fb1e7,4,2,2.5,H,1,125,H,10,9867,OH
l03efj31,50,13,HHOOHH,87c389a6-3f0f-41de-8346-7d266f604c18,4,2,2.5,O,0,50,H,50,10048,HO
l7mooatv,50,24,HOHOOO,4c6ead48-0959-4c36-b5cf-a0c3ebfd2a53,4,2,2.5,O,0,89,H,11,4412,OH
oyd53vb3,50,48,OHOOOO,de4701a8-80bf-4b3a-b271-dc91b1f61a93,4,2,2.5,O,1,282.5,O,73,10541,HO
s3l5cnfu,50,64,OOOOOO,91be57bf-2b21-4688-98d5-57998b1d1812,4,2,1.9,H,1,179.8,H,42,5972,HO
y2byltnd,50,24,HOHOOO,c69045aa-859f-405d-8065-9ea1ad1562f8,4,2,2.5,O,1,109,O,6,11893,HO
4bwhtil0,51,57,OOOHHH,538c1e0f-3251-48a2-84c3-ceedd03a9c33,4,3,2.5,H,1,124,H,16,4130,HO
98r4dh1u,51,34,OHHHHO,6292744d-d3dd-487a-8fd7-a2bb2f0c3a08,4,3,2.5,H,1,197.5,H,39,4721,OH
gih6nd5f,51,52,OOHHOO,8c219760-6b83-4d33-8e41-1ac37443ca2b,4,3,1.9,H,1,139.6,H,44,3275,OH
iiw1neqh,51,59,OOOHOH,83b96d5e-069f-48aa-8068-dde745c86d90,4,3,1.9,H,1,252,H,80,13365,HO
kuln1ae8,51,17,HOHHHH,d8bc465d-b491-4a78-baca-3311a00e71b5,4,3,2.5,H,0,85,O,15,10531,HO
l03efj31,51,18,HOHHHO,5392b0fd-8760-470e-845f-899f41742028,4,3,2.5,O,1,225,O,50,8670,OH
l7mooatv,51,45,OHOOHH,c6cc7c49-e182-447b-a970-4614cd949e34,4,3,2.5,H,0,100,NB,0,1075,OH
oyd53vb3,51,29,HOOOHH,76ea43f6-f94b-40cd-8bda-95390fc10b31,4,3,2.5,O,0,37,H,63,5930,OH
s3l5cnfu,51,24,HOHOOO,92574fa9-68bc-4db0-8184-1b3424a24fe9,4,3,1.9,O,1,160.8,O,32,5308,OH
y2byltnd,51,10,HHOHHO,3138267f-bd87-491a-8bae-f382c8409927,4,3,2.5,H,1,109,H,6,6804,OH
4bwhtil0,52,32,HOOOOO,015707a5-aec9-4b56-b4f8-504bd63ae573,4,4,2.5,H,0,81,O,19,3014,OH
98r4dh1u,52,6,HHHOHO,dea698a0-27a8-4c1b-8c04-ca354442a89f,4,4,2.5,O,0,86,H,14,5321,HO
gih6nd5f,52,17,HOHHHH,e7f6c600-414f-4b4c-aff1-255f44bc4f52,4,4,1.9,H,0,56,O,44,3833,HO
iiw1neqh,52,9,HHOHHH,4441edf0-ff41-4b1a-a492-f19ada165825,4,4,1.9,O,0,20,H,80,7579,OH
kuln1ae8,52,1,HHHHHH,ca90c80a-b9db-4298-a36a-b397279780b7,4,4,2.5,H,0,100,NB,0,10139,HO
l03efj31,52,5,HHHOHH,6585f40b-ec6b-4923-bb7b-1d7d46f5fddc,4,4,2.5,O,1,225,O,50,4503,OH
l7mooatv,52,50,OOHHHO,622f6dfa-e085-4f79-bdbb-8da4aebeda1a,4,4,2.5,O,1,115,O,10,2003,OH
oyd53vb3,52,16,HHOOOO,04faadd4-f122-4013-a646-1053dea840cc,4,4,2.5,H,0,38,O,62,8582,HO
s3l5cnfu,52,23,HOHOOH,5a81026a-98cf-42d5-8735-c7e7d3dca3d7,4,4,1.9,H,1,158.9,H,31,2547,OH
y2byltnd,52,34,OHHHHO,b16b1ae2-9534-4650-9e2f-477cd3a47a97,4,4,2.5,O,0,94,H,6,5974,HO
4bwhtil0,53,4,HHHHOO,5e420c6e-c84f-40c8-a737-2c2878c73222,4,5,2.5,H,0,100,NB,0,2888,HO
98r4dh1u,53,36,OHHHOO,f8f5d432-1505-4464-9d69-d7be73003bc7,4,5,2.5,H,1,155,H,22,7666,HO
gih6nd5f,53,43,OHOHOH,f331c19a-8f8a-4f14-a567-36b7f3f055d3,4,5,1.9,O,0,56,H,44,3488,HO
iiw1neqh,53,15,HHOOOH,0c45af60-057d-4219-951d-129838c638af,4,5,1.9,H,0,21,O,79,5472,OH
kuln1ae8,53,64,OOOOOO,f9d506b1-2c9a-48b0-b3ea-c43bd29231d4,4,5,2.5,O,0,100,NB,0,3379,HO
l03efj31,53,54,OOHOHO,8f00da30-c6ef-493d-a49d-4c7cd856ebf0,4,5,2.5,H,1,225,H,50,5773,OH
l7mooatv,53,29,HOOOHH,5b54f693-274a-41d9-aab6-854c6509da12,4,5,2.5,O,0,92,H,8,3691,HO
oyd53vb3,53,47,OHOOOH,f33bd67d-19d0-47d2-853d-4b63976ba6e3,4,5,2.5,H,0,62,O,38,11696,OH
s3l5cnfu,53,6,HHHOHO,8ab06997-5b9c-45c1-b5b7-d45a4b26aaaf,4,5,1.9,H,0,62,O,38,4319,OH
y2byltnd,53,39,OHHOOH,292fb581-9374-45fd-b095-e3bd89eba551,4,5,2.5,O,1,113.5,O,9,8490,OH
4bwhtil0,54,55,OOHOOH,b2c5d6f7-7163-46bc-b17c-b583deb3d381,4,6,2.5,O,1,121,O,14,2657,OH
98r4dh1u,54,51,OOHHOH,062309ef-acf0-4bc6-9e83-5477936e19a2,4,6,2.5,H,0,82,O,18,6082,OH
gih6nd5f,54,12,HHOHOO,2456f858-8de0-48c9-9eea-b11f7f12ace4,4,6,1.9,H,0,54,O,46,3955,OH
iiw1neqh,54,42,OHOHHO,f89bfda0-b5e4-47c9-9e66-774daf4f6ea4,4,6,1.9,O,0,20,H,80,7251,OH
kuln1ae8,54,8,HHHOOO,cc49e390-f5f1-4980-bdef-608446140ee9,4,6,2.5,O,0,95,H,5,9676,HO
l03efj31,54,4,HHHHOO,f9793bb6-ba6c-494b-9577-b671c17fa5ff,4,6,2.5,O,1,225,O,50,4610,HO
l7mooatv,54,2,HHHHHO,c7d24fd8-3b91-415a-80f4-bdc85a70003e,4,6,2.5,O,1,109,O,6,2861,HO
oyd53vb3,54,13,HHOOHH,642310f4-e942-465c-9660-e0837ae734fd,4,6,2.5,O,0,100,NB,0,5567,HO
s3l5cnfu,54,58,OOOHHO,066534e1-a707-436f-a19b-af4a647b52e5,4,6,1.9,H,0,88,O,12,3995,OH
y2byltnd,54,20,HOHHOO,107cbe1a-3449-4691-b75c-637dfc1f80f7,4,6,2.5,H,1,107.5,H,5,4227,HO
4bwhtil0,55,45,OHOOHH,4df83c0b-4c3f-4e68-9a11-022ae88181ac,4,7,2.5,H,1,122.5,H,15,6463,OH
98r4dh1u,55,21,HOHOHH,39425f55-de0f-4bb0-bdf3-05a2e4242be8,4,7,2.5,O,1,152.5,O,21,6850,HO
gih6nd5f,55,56,OOHOOO,7daa3222-9963-489f-8150-70fa53aa29e7,4,7,1.9,O,0,57,H,43,2621,OH
iiw1neqh,55,40,OHHOOO,9b83114a-5fa2-4553-a1bf-ac037e6b9abe,4,7,1.9,O,0,20,H,80,8414,HO
kuln1ae8,55,44,OHOHOO,be19c9b9-9785-4f46-917d-4b68a346acd3,4,7,2.5,H,0,70,O,30,10430,OH
l03efj31,55,47,OHOOOH,50ee8932-4b3f-43d6-aa39-0809eda4c8ec,4,7,2.5,H,1,225,H,50,6945,OH
l7mooatv,55,28,HOOHOO,a5a219b4-9a62-4cdd-9556-348cd4c60d09,4,7,2.5,H,0,91,O,9,2383,OH
oyd53vb3,55,7,HHHOOH,141ad86c-18b0-4f8b-8b00-909bcc94308c,4,7,2.5,H,0,55,O,45,7455,HO
s3l5cnfu,55,18,HOHHHO,647e92cc-e6ab-43be-b69c-f26ecebb22b5,4,7,1.9,O,0,73,H,27,2396,HO
y2byltnd,55,30,HOOOHO,7a41f701-506a-43ed-ab7b-72188e435988,4,7,2.5,H,0,100,NB,0,5959,HO
4bwhtil0,56,62,OOOOHO,1a7ccaba-c51d-47c2-b857-445183be3a19,4,8,2.5,O,1,121,O,14,5360,HO
98r4dh1u,56,17,HOHHHH,4f55f1a4-2536-46db-87b1-981b6ffc5c35,4,8,2.5,H,0,45,O,55,6245,HO
gih6nd5f,56,7,HHHOOH,2386bfb0-744b-4ba8-89b0-9e0ae4452716,4,8,1.9,H,0,55,O,45,3963,HO
iiw1neqh,56,21,HOHOHH,87e1f86f-43da-4f43-b52b-dbb35c24dbfc,4,8,1.9,O,1,138,O,20,8848,HO
kuln1ae8,56,41,OHOHHH,18774937-0c18-4d44-8f62-051781295244,4,8,2.5,H,1,150,H,20,8214,HO
l03efj31,56,51,OOHHOH,a802b145-34f2-4e3e-a62b-c9c9934a8ca8,4,8,2.5,O,0,50,H,50,5192,OH
l7mooatv,56,60,OOOHOO,e7dd3bb3-74a4-46a0-82c4-5e8d38e3abbe,4,8,2.5,H,0,88,O,12,2647,OH
oyd53vb3,56,24,HOHOOO,b4048195-1d86-49ea-b97f-4c92b75b5e64,4,8,2.5,H,1,242.5,H,57,11450,OH
s3l5cnfu,56,40,OHHOOO,2167a372-1a56-4ffb-9713-1707b1df67c5,4,8,1.9,O,1,185.5,O,45,4952,HO
y2byltnd,56,19,HOHHOH,470f7d6c-e584-4451-9e71-e674e806b955,4,8,2.5,O,0,95,H,5,3918,HO
4bwhtil0,57,23,HOHOOH,f0b5af7c-1e12-485e-adf1-9e959209c695,4,9,2.5,O,0,88,H,12,8453,OH
98r4dh1u,57,44,OHOHOO,6ca32d18-a6de-4df3-abe6-db94bd311d0c,4,9,2.5,H,1,200,H,40,5284,HO
gih6nd5f,57,38,OHHOHO,242f6258-fd81-4719-a94c-b606953d9ef8,4,9,1.9,H,1,140.5,H,45,4319,HO
iiw1neqh,57,51,OOHHOH,a53c0f0b-45f5-446f-b2ae-3c570b3fa6eb,4,9,1.9,H,0,30,O,70,7375,OH
kuln1ae8,57,28,HOOHOO,0d988bc6-57eb-4881-89c5-a397962cd415,4,9,2.5,H,0,50,O,50,7266,OH
l03efj31,57,29,HOOOHH,991f90a2-d890-45bd-912b-48d2ad6ae13a,4,9,2.5,O,0,50,H,50,6191,HO
l7mooatv,57,9,HHOHHH,bc46e286-fe69-49e1-8306-eef25e597b0b,4,9,2.5,O,1,113.5,O,9,3923,OH
oyd53vb3,57,36,OHHHOO,32ac4c74-645e-45e0-876d-75333a8936d4,4,9,2.5,H,0,27,O,73,9298,HO
s3l5cnfu,57,33,OHHHHH,d82eab14-9ef2-4218-b3e2-9d9be735c4f7,4,9,1.9,H,1,147.5,H,25,2968,OH
y2byltnd,57,33,OHHHHH,0baf3f39-64e8-4d89-8d6d-ba50234ce69d,4,9,2.5,O,1,104.5,O,3,7249,HO
4bwhtil0,58,60,OOOHOO,62f1ec27-78aa-4240-ab83-d4f6bc945cc9,4,10,2.5,O,1,121,O,14,3784,HO
98r4dh1u,58,2,HHHHHO,a053cc00-74eb-4f3f-b7b2-832e5a8ffa3d,4,10,2.5,H,1,220,H,48,4706,OH
gih6nd5f,58,45,OHOOHH,43527177-43f6-4832-84bf-330cd658aaa5,4,10,1.9,O,0,57,H,43,2729,OH
iiw1neqh,58,41,OHOHHH,7c1222d8-5151-4533-84b6-4ca6daa85548,4,10,1.9,H,0,30,O,70,7821,OH
kuln1ae8,58,36,OHHHOO,cb64dd80-eabd-43b4-ac61-1585fc8c30fb,4,10,2.5,H,1,237.5,H,55,6348,OH
l03efj31,58,61,OOOOHH,47213c29-a05f-411b-9111-473dea1174c6,4,10,2.5,H,0,50,O,50,6441,OH
l7mooatv,58,35,OHHHOH,ccb4dcc4-eb05-4f35-891f-12f018e0fd24,4,10,2.5,H,1,116.5,H,11,3344,HO
oyd53vb3,58,61,OOOOHH,6aecfb52-3256-4bb0-8fd8-77d7137a0e88,4,10,2.5,O,0,42,H,58,4622,OH
s3l5cnfu,58,3,HHHHOH,d7e371d9-fa89-461e-b9aa-340efab273e2,4,10,1.9,H,1,149.4,H,26,2816,OH
y2byltnd,58,1,HHHHHH,6715ac73-5835-4cf0-9067-cd02b57f5719,4,10,2.5,O,0,90,H,10,5002,OH
4bwhtil0,59,51,OOHHOH,e5d31e03-fd21-4f1f-90c6-9c70521f4d5d,4,11,2.5,O,0,84,H,16,4617,HO
98r4dh1u,59,52,OOHHOO,ac9188bb-1dae-4f5c-afa0-f98eb871c15f,4,11,2.5,H,1,210,H,44,5234,OH
gih6nd5f,59,35,OHHHOH,26e39e63-f269-4fb5-9954-1adc51f9bd69,4,11,1.9,H,0,56,O,44,3938,OH
iiw1neqh,59,12,HHOHOO,ec25d08a-94a3-4d87-9658-410a99b56543,4,11,1.9,O,1,233,O,70,9601,HO
kuln1ae8,59,52,OOHHOO,1097c594-ea13-429b-a0b6-3817976dc3a3,4,11,2.5,H,0,65,O,35,10573,HO
l03efj31,59,58,OOOHHO,2fc0587e-b141-4908-a4f3-c05c5a81be9f,4,11,2.5,O,0,50,H,50,5680,HO
l7mooatv,59,20,HOHHOO,f00bff9e-c903-43f5-96d7-acc10d99f586,4,11,2.5,O,1,115,O,10,3304,HO
oyd53vb3,59,44,OHOHOO,b44359ed-dacc-4d9d-ac9e-fe573077c12d,4,11,2.5,O,1,157.5,O,23,8868,OH
s3l5cnfu,59,28,HOOHOO,8b550a33-ae63-4baf-ae3a-5f2d9facbf21,4,11,1.9,O,1,122.8,O,12,2644,OH
y2byltnd,59,36,OHHHOO,e18bdb36-579d-4076-964f-8764f2af15c4,4,11,2.5,H,0,100,NB,0,2387,HO
4bwhtil0,60,37,OHHOHH,7e078443-1f14-46b6-8ce1-60309e6f993d,4,12,2.5,H,0,86,O,14,4937,HO
98r4dh1u,60,20,HOHHOO,dfabc5fb-e6a2-4c41-94c0-ecd60cd5801d,4,12,2.5,H,1,180,H,32,12237,OH
gih6nd5f,60,41,OHOHHH,b5ed52da-6bca-4744-9b51-aea8f9d84ca9,4,12,1.9,H,0,54,O,46,4912,HO
iiw1neqh,60,1,HHHHHH,372ee023-9e88-4cf7-a2da-fb5a74e66db8,4,12,1.9,O,1,233,O,70,7511,OH
kuln1ae8,60,12,HHOHOO,add54411-93c0-41e9-822f-66befd0223c5,4,12,2.5,H,0,60,O,40,9108,HO
l03efj31,60,12,HHOHOO,88151f84-9b85-40c5-b1fc-2763735c0fdd,4,12,2.5,O,1,225,O,50,5647,OH
l7mooatv,60,64,OOOOOO,e504b90a-b02b-4cbd-ab2a-ecc35b98910d,4,12,2.5,H,0,92,O,8,6286,HO
oyd53vb3,60,43,OHOHOH,719cb3e2-4ac6-4f32-b6ca-db05be5ff4a4,4,12,2.5,O,0,46,H,54,9456,OH
s3l5cnfu,60,9,HHOHHH,e028a25d-08d8-4d00-acfb-bb1e4eb51398,4,12,1.9,H,1,138,H,20,2858,HO
y2byltnd,60,50,OOHHHO,c47e635e-12e5-4fef-aa13-f35a17a79f1c,4,12,2.5,O,1,112,O,8,16905,OH
4bwhtil0,61,49,OOHHHH,71bc790c-5f08-4f9f-874b-a17295dfb4d0,4,13,2.5,H,1,121,H,14,4031,HO
98r4dh1u,61,1,HHHHHH,f9f704e7-c891-47e7-a2f2-ae7a05a7932c,4,13,2.5,H,0,19,O,81,5106,HO
gih6nd5f,61,47,OHOOOH,1b6918ce-db29-424d-8a80-ba03f8f61733,4,13,1.9,O,0,54,H,46,3760,HO
iiw1neqh,61,20,HOHHOO,b377bfaf-4360-4cf3-aadd-849f74723460,4,13,1.9,O,0,68,H,32,15389,OH
kuln1ae8,61,43,OHOHOH,136d46a8-56b5-42a0-9b54-0aee0f47a07c,4,13,2.5,O,0,40,H,60,7790,OH
l03efj31,61,62,OOOOHO,4602bfab-9a7e-435b-a36d-c9e2ca83a70b,4,13,2.5,H,1,225,H,50,6664,HO
l7mooatv,61,53,OOHOHH,9fa61611-3fed-4be5-bde2-9fea40138b4f,4,13,2.5,H,0,90,O,10,2283,OH
oyd53vb3,61,34,OHHHHO,0de18cc3-e415-4e7b-9cc8-97857a64084e,4,13,2.5,H,0,100,NB,0,7139,HO
s3l5cnfu,61,30,HOOOHO,cc490018-1810-4707-84a8-066f1b2318b8,4,13,1.9,H,0,80,O,20,2369,HO
y2byltnd,61,22,HOHOHO,8da8f758-ed6e-4829-83dc-28a5d04955a7,4,13,2.5,H,0,100,NB,0,3006,HO
4bwhtil0,62,22,HOHOHO,e034a33a-0368-4e4b-8914-2eef9d8a13fe,4,14,2.5,O,0,86,H,14,5001,OH
98r4dh1u,62,64,OOOOOO,b8a30072-bcdd-40a0-b2a3-b7be8dad3d0e,4,14,2.5,H,1,317.5,H,87,6892,HO
gih6nd5f,62,31,HOOOOH,89653984-2570-4b15-acfb-cbb6ec3848c1,4,14,1.9,O,1,142.3,O,47,3804,OH
iiw1neqh,62,28,HOOHOO,f3362be3-f12a-40d6-bac3-fa565c0ed873,4,14,1.9,O,0,100,NB,0,5029,OH
kuln1ae8,62,4,HHHHOO,d055fcb0-3afd-407c-9017-49f61eebe78f,4,14,2.5,O,0,35,H,65,6525,OH
l03efj31,62,25,HOOHHH,b1aa2b25-6741-4d8b-8a67-5118b2e3ca3f,4,14,2.5,H,1,225,H,50,5527,OH
l7mooatv,62,12,HHOHOO,19d90c90-0bd8-4316-bcb9-042b13905b65,4,14,2.5,H,0,93,O,7,3353,HO
oyd53vb3,62,30,HOOOHO,70ae5f9f-d6cc-4332-8bbb-b26af63d90d8,4,14,2.5,H,1,245,H,58,9067,OH
s3l5cnfu,62,10,HHOHHO,5c21ba01-13e5-4d4a-99b9-cb296b44ac64,4,14,1.9,H,0,83,O,17,2493,HO
y2byltnd,62,15,HHOOOH,a75c7f0a-642c-48b1-8ffa-1de97b17f419,4,14,2.5,O,0,89,H,11,12578,OH
4bwhtil0,63,1,HHHHHH,4917aa50-06b2-4763-b141-2dcae665ce5a,4,15,2.5,H,1,124,H,16,3448,OH
98r4dh1u,63,18,HOHHHO,b9031eac-99d3-4ade-9dee-080fafbd9e19,4,15,2.5,O,0,28,H,72,5565,HO
gih6nd5f,63,51,OOHHOH,3ed13ea6-6f72-4e23-a74d-84802cec4314,4,15,1.9,O,1,140.5,O,45,4405,HO
iiw1neqh,63,47,OHOOOH,002e5939-ccc5-45d8-8201-d399200402ec,4,15,1.9,H,0,20,O,80,9007,HO
kuln1ae8,63,23,HOHOOH,3877c249-c551-47d5-bbd6-4f76415a3d46,4,15,2.5,H,0,65,O,35,9693,HO
l03efj31,63,3,HHHHOH,79c48979-a944-45d9-b819-3862bef10465,4,15,2.5,O,0,50,H,50,6879,HO
l7mooatv,63,43,OHOHOH,36a98a3c-2efd-40bc-aab4-6c67531ee68e,4,15,2.5,O,0,90,H,10,3575,HO
oyd53vb3,63,63,OOOOOH,e8a3f10e-48e1-41a1-a7bb-bbbe5479037a,4,15,2.5,H,0,37,O,63,9088,HO
s3l5cnfu,63,2,HHHHHO,bc597e80-647e-46c6-a752-70d963bd5c21,4,15,1.9,H,1,134.2,H,18,3315,OH
y2byltnd,63,2,HHHHHO,6bee4129-2e36-42b2-86fb-786c70a2b62a,4,15,2.5,O,0,100,NB,0,2174,HO
4bwhtil0,64,7,HHHOOH,8aecf40b-c85e-4182-9f7a-313459fb5eaf,4,16,2.5,O,1,122.5,O,15,4850,HO
98r4dh1u,64,14,HHOOHO,0fe37326-08a6-45fc-8f30-00d44d6b8a9e,4,16,2.5,H,1,175,H,30,6124,HO
gih6nd5f,64,37,OHHOHH,597ff32f-3c8e-4ad6-a506-cdbda3eba2d4,4,16,1.9,H,1,141.4,H,46,3959,HO
iiw1neqh,64,19,HOHHOH,a308e751-eb06-4e0c-976f-d4dd1d5324c7,4,16,1.9,O,1,195,O,50,8349,HO
kuln1ae8,64,48,OHOOOO,f472991c-544f-435f-88d7-1ab5e07493bf,4,16,2.5,O,1,287.5,O,75,7415,OH
l03efj31,64,48,OHOOOO,59a5a9de-b1f5-4ac4-a343-8ea4fcb18aa5,4,16,2.5,O,1,225,O,50,8799,HO
l7mooatv,64,32,HOOOOO,6c6d3646-fe68-4f96-8d6b-265ff6d9cc85,4,16,2.5,O,0,89,H,11,3372,HO
oyd53vb3,64,22,HOHOHO,f9df74f5-c9ca-460e-afeb-d6fb9405b7f3,4,16,2.5,H,0,100,NB,0,3298,OH
s3l5cnfu,64,14,HHOOHO,e6e4f30c-a62f-4ddf-a37b-b615c9dd665d,4,16,1.9,H,0,88,O,12,7498,HO
y2byltnd,64,61,OOOOHH,2df7f31a-f655-4ea6-b4a1-78d3ad216be3,4,16,2.5,H,1,121,H,14,7539,HO
